invoice number,challan number,sale date,amount,discount,payment mode,finance amount,exchange amount,customer id,scheme id,vehicle id
7537601,304,2019-02-23,379000.0,5000.0,"Cash, Cheque and E-Banking",100000.0,70000.0,645,4,645
4484843,265,2019-02-26,264000.0,5000.0,E-Banking,0.0,70000.0,646,3,646
6571683,975,2019-02-21,339000.0,5000.0,Cash,0.0,60000.0,647,4,647
5155075,569,2019-02-07,339000.0,5000.0,Cash and Cheque,140000.0,90000.0,648,1,648
9050687,431,2019-02-23,269000.0,0.0,Cash,0.0,0.0,649,5,649
7468804,315,2019-01-10,269000.0,5000.0,"Cash, Cheque and E-Banking",150000.0,0.0,650,4,650
3192885,701,2019-02-15,259000.0,5000.0,Cash,130000.0,90000.0,651,3,651
3371956,163,2019-01-21,264000.0,5000.0,"Cash, Cheque and E-Banking",150000.0,0.0,652,3,652
2499282,65,2019-03-04,264000.0,0.0,Cheque and E-Banking,0.0,100000.0,653,5,653
5758176,418,2019-02-06,309000.0,5000.0,Cash and E-Banking,150000.0,0.0,654,3,654
2733663,556,2019-02-18,269000.0,5000.0,Cash,0.0,80000.0,655,3,655
4667080,794,2019-03-08,399000.0,5000.0,E-Banking,0.0,70000.0,656,1,656
7975713,32,2019-02-16,259000.0,5000.0,"Cash, Cheque and E-Banking",100000.0,70000.0,657,4,657
3204416,767,2019-03-13,259000.0,0.0,"Cash, Cheque and E-Banking",150000.0,0.0,658,5,658
8402681,24,2019-03-03,319000.0,5000.0,Cash,0.0,0.0,659,2,659
7338329,949,2019-01-30,339000.0,5000.0,Cheque and E-Banking,150000.0,0.0,660,3,660
6992722,883,2019-03-09,299000.0,5000.0,Cash and Cheque,100000.0,40000.0,661,1,661
5934116,19,2019-03-16,319000.0,5000.0,E-Banking,0.0,60000.0,662,1,662
7807736,203,2019-03-07,319000.0,5000.0,Cash and Cheque,0.0,110000.0,663,1,663
5161887,57,2019-02-21,269000.0,5000.0,Cheque,140000.0,0.0,664,3,664
4498011,43,2019-03-07,339000.0,0.0,Cheque and E-Banking,120000.0,0.0,665,5,665
4696902,440,2019-01-31,339000.0,5000.0,Cash,0.0,40000.0,666,3,666
3724831,886,2019-02-09,339000.0,5000.0,Cash and E-Banking,130000.0,110000.0,667,4,667
5758804,6,2019-03-18,259000.0,5000.0,E-Banking,150000.0,0.0,668,3,668
5695584,858,2019-02-05,264000.0,0.0,Cash and Cheque,140000.0,100000.0,669,5,669
6720005,939,2019-03-16,269000.0,0.0,Cash and Cheque,140000.0,0.0,670,5,670
4448835,641,2019-02-17,319000.0,5000.0,E-Banking,0.0,0.0,671,1,671
9469889,246,2019-03-12,264000.0,5000.0,Cheque and E-Banking,0.0,0.0,672,3,672
9174506,863,2019-01-29,264000.0,0.0,Cheque and E-Banking,100000.0,80000.0,673,5,673
1630164,515,2019-03-29,264000.0,5000.0,Cheque,0.0,0.0,674,3,674
8516628,539,2019-02-15,264000.0,5000.0,Cash,0.0,0.0,675,2,675
8498423,550,2019-03-07,299000.0,5000.0,Cheque,0.0,70000.0,676,2,676
8915672,661,2019-02-05,299000.0,5000.0,Cash and Cheque,130000.0,70000.0,677,3,677
3794771,231,2019-02-08,299000.0,5000.0,E-Banking,0.0,0.0,678,3,678
6902055,755,2019-03-01,309000.0,5000.0,"Cash, Cheque and E-Banking",0.0,0.0,679,4,679
8569698,866,2019-02-08,309000.0,5000.0,Cheque and E-Banking,0.0,0.0,680,4,680
3107271,247,2019-03-31,309000.0,5000.0,Cash and E-Banking,0.0,0.0,681,4,681
8809852,14,2019-04-02,269000.0,5000.0,Cash and E-Banking,150000.0,0.0,682,2,682
3330742,588,2019-03-31,269000.0,5000.0,Cheque,130000.0,90000.0,683,4,683
3479941,204,2019-04-04,269000.0,5000.0,Cash and Cheque,0.0,0.0,684,3,684
7465285,29,2019-03-13,269000.0,5000.0,Cheque,0.0,0.0,685,1,685
7847738,503,2019-03-04,339000.0,5000.0,Cheque and E-Banking,130000.0,0.0,686,1,686
2000213,896,2019-03-18,319000.0,5000.0,Cheque,0.0,0.0,687,4,687
7455780,410,2019-04-11,339000.0,5000.0,Cheque and E-Banking,0.0,80000.0,688,2,688
5045490,904,2019-03-15,319000.0,5000.0,"Cash, Cheque and E-Banking",140000.0,60000.0,689,4,689
9392559,879,2019-03-08,299000.0,5000.0,E-Banking,130000.0,0.0,690,4,690
2306539,572,2019-04-06,269000.0,0.0,Cheque and E-Banking,0.0,60000.0,691,5,691
8489731,160,2019-03-22,264000.0,5000.0,Cash,0.0,0.0,692,4,692
8328011,128,2019-03-24,309000.0,0.0,Cash and Cheque,0.0,0.0,693,5,693
6812969,147,2019-03-21,259000.0,5000.0,"Cash, Cheque and E-Banking",0.0,0.0,694,2,694
1311326,167,2019-03-03,269000.0,5000.0,E-Banking,0.0,70000.0,695,3,695
2169730,13,2019-03-17,269000.0,0.0,Cheque,0.0,60000.0,696,5,696
3119556,267,2019-03-28,264000.0,5000.0,Cheque and E-Banking,140000.0,0.0,697,3,697
1781927,577,2019-04-23,259000.0,5000.0,E-Banking,0.0,0.0,698,2,698
8407068,774,2019-03-07,269000.0,0.0,Cheque,0.0,100000.0,699,5,699
2606258,91,2019-04-23,269000.0,5000.0,"Cash, Cheque and E-Banking",140000.0,60000.0,700,1,700
3545631,65,2019-05-06,319000.0,5000.0,Cheque and E-Banking,0.0,0.0,701,1,701
7154726,501,2019-05-04,269000.0,5000.0,Cash and E-Banking,0.0,60000.0,702,4,702
1713122,644,2019-03-12,259000.0,5000.0,Cash,150000.0,50000.0,703,2,703
5636691,472,2019-05-01,339000.0,5000.0,Cheque and E-Banking,140000.0,70000.0,704,3,704
8394362,717,2019-03-13,319000.0,5000.0,Cash,120000.0,0.0,705,4,705
6950595,645,2019-03-28,259000.0,5000.0,Cheque and E-Banking,0.0,0.0,706,1,706
2639510,141,2019-03-25,259000.0,5000.0,"Cash, Cheque and E-Banking",0.0,0.0,707,4,707
1657559,730,2019-04-26,299000.0,5000.0,Cash and Cheque,0.0,0.0,708,2,708
7570059,507,2019-04-05,259000.0,5000.0,Cash and E-Banking,120000.0,110000.0,709,4,709
4035855,712,2019-05-06,299000.0,5000.0,Cash,130000.0,0.0,710,4,710
5474763,459,2019-03-25,299000.0,5000.0,Cash and Cheque,0.0,70000.0,711,3,711
7337581,14,2019-03-31,299000.0,5000.0,Cheque,140000.0,50000.0,712,2,712
7904208,678,2019-05-15,299000.0,5000.0,Cash and Cheque,0.0,0.0,713,3,713
7082993,587,2019-04-01,299000.0,5000.0,E-Banking,120000.0,0.0,714,4,714
8288100,528,2019-04-08,299000.0,5000.0,Cheque,100000.0,110000.0,715,1,715
6568348,723,2019-04-03,299000.0,0.0,Cheque,140000.0,100000.0,716,5,716
4606619,979,2019-04-15,299000.0,5000.0,"Cash, Cheque and E-Banking",0.0,50000.0,717,4,717
5540442,406,2019-04-01,259000.0,5000.0,"Cash, Cheque and E-Banking",120000.0,100000.0,718,3,718
9889227,21,2019-03-31,264000.0,5000.0,Cash and Cheque,100000.0,0.0,719,4,719
4470616,118,2019-04-23,309000.0,5000.0,Cheque,0.0,60000.0,720,3,720
3693132,993,2019-05-08,264000.0,5000.0,E-Banking,140000.0,0.0,721,1,721
2575510,402,2019-05-21,309000.0,5000.0,Cheque and E-Banking,0.0,0.0,722,1,722
5796230,310,2019-05-05,319000.0,0.0,Cheque,0.0,50000.0,723,5,723
4140176,238,2019-04-11,259000.0,0.0,E-Banking,0.0,40000.0,724,5,724
9716669,162,2019-04-13,264000.0,5000.0,Cheque and E-Banking,120000.0,0.0,725,2,725
4409874,158,2019-04-11,339000.0,5000.0,"Cash, Cheque and E-Banking",140000.0,0.0,726,3,726
1137569,227,2019-04-01,319000.0,0.0,Cash,0.0,0.0,727,5,727
5345110,428,2019-04-16,319000.0,5000.0,Cheque and E-Banking,0.0,50000.0,728,4,728
8566564,732,2019-05-21,319000.0,5000.0,"Cash, Cheque and E-Banking",0.0,80000.0,729,2,729
4389972,791,2019-04-21,339000.0,5000.0,E-Banking,0.0,60000.0,730,1,730
5078827,389,2019-04-09,339000.0,5000.0,Cheque,0.0,50000.0,731,3,731
9399422,871,2019-04-19,319000.0,5000.0,E-Banking,130000.0,0.0,732,4,732
3823812,335,2019-05-25,319000.0,5000.0,Cash and E-Banking,100000.0,110000.0,733,1,733
5879379,975,2019-05-25,264000.0,0.0,"Cash, Cheque and E-Banking",0.0,80000.0,734,5,734
5182052,246,2019-05-05,264000.0,0.0,Cash and E-Banking,0.0,0.0,735,5,735
4160225,249,2019-05-28,264000.0,5000.0,E-Banking,0.0,0.0,736,3,736
6294514,151,2019-04-10,264000.0,5000.0,"Cash, Cheque and E-Banking",120000.0,0.0,737,4,737
5053820,773,2019-04-22,264000.0,5000.0,Cash and E-Banking,100000.0,110000.0,738,3,738
1120206,171,2019-06-08,264000.0,0.0,Cash and Cheque,0.0,60000.0,739,5,739
9638619,217,2019-05-18,264000.0,0.0,E-Banking,140000.0,80000.0,740,5,740
4977672,917,2019-06-03,264000.0,5000.0,Cash and Cheque,150000.0,50000.0,741,3,741
5797288,378,2019-06-11,264000.0,5000.0,"Cash, Cheque and E-Banking",0.0,50000.0,742,2,742
9340197,743,2019-05-20,264000.0,5000.0,Cheque,120000.0,0.0,743,3,743
1488640,730,2019-05-31,264000.0,5000.0,Cheque and E-Banking,120000.0,0.0,744,3,744
8980712,689,2019-04-29,264000.0,5000.0,Cash and Cheque,0.0,40000.0,745,3,745
2084708,468,2019-05-03,264000.0,5000.0,Cash,0.0,100000.0,746,4,746
9804969,433,2019-06-05,264000.0,0.0,Cheque and E-Banking,0.0,110000.0,747,5,747
4445695,773,2019-05-29,264000.0,5000.0,"Cash, Cheque and E-Banking",150000.0,40000.0,748,2,748
4404646,850,2019-06-04,339000.0,5000.0,Cheque and E-Banking,0.0,0.0,749,3,749
6429687,301,2019-05-25,339000.0,5000.0,Cheque,100000.0,40000.0,750,3,750
1696508,868,2019-05-06,339000.0,5000.0,E-Banking,150000.0,0.0,751,4,751
7239792,799,2019-05-27,259000.0,5000.0,Cash and E-Banking,140000.0,40000.0,752,2,752
5549655,207,2019-05-06,259000.0,5000.0,Cash and E-Banking,120000.0,0.0,753,4,753
7727454,99,2019-05-09,259000.0,0.0,Cash and E-Banking,130000.0,0.0,754,5,754
4594451,815,2019-05-18,259000.0,5000.0,Cheque,120000.0,110000.0,755,4,755
1130038,321,2019-05-07,259000.0,5000.0,E-Banking,0.0,40000.0,756,4,756
1757639,208,2019-05-01,259000.0,0.0,Cheque,0.0,0.0,757,5,757
4988395,797,2019-06-18,259000.0,5000.0,"Cash, Cheque and E-Banking",0.0,100000.0,758,2,758
8488399,43,2019-06-02,259000.0,5000.0,E-Banking,0.0,110000.0,759,3,759
8673889,162,2019-04-29,259000.0,5000.0,Cash and Cheque,0.0,80000.0,760,1,760
3649488,338,2019-05-26,319000.0,0.0,"Cash, Cheque and E-Banking",0.0,70000.0,761,5,761
5324498,76,2019-06-14,339000.0,5000.0,Cheque and E-Banking,140000.0,60000.0,762,4,762
2917935,747,2019-06-03,299000.0,5000.0,Cheque,0.0,0.0,763,4,763
1113406,443,2019-06-20,299000.0,5000.0,Cheque,150000.0,110000.0,764,3,764
3842384,179,2019-06-28,299000.0,5000.0,Cash and E-Banking,100000.0,50000.0,765,1,765
7513660,828,2019-06-15,299000.0,5000.0,"Cash, Cheque and E-Banking",120000.0,110000.0,766,3,766
5477773,296,2019-06-14,299000.0,5000.0,Cheque,130000.0,0.0,767,4,767
1497061,982,2019-05-14,299000.0,5000.0,Cash,0.0,90000.0,768,1,768
9157573,891,2019-06-02,299000.0,0.0,Cheque and E-Banking,0.0,40000.0,769,5,769
9557610,279,2019-05-17,299000.0,5000.0,Cash and E-Banking,140000.0,0.0,770,2,770
8389065,849,2019-06-22,299000.0,5000.0,E-Banking,0.0,90000.0,771,3,771
2744379,377,2019-05-30,269000.0,5000.0,Cheque and E-Banking,150000.0,60000.0,772,2,772
6287409,756,2019-05-16,269000.0,0.0,Cheque,0.0,0.0,773,5,773
6612031,412,2019-05-27,269000.0,0.0,Cash,120000.0,0.0,774,5,774
4318674,902,2019-05-23,269000.0,5000.0,Cash,0.0,0.0,775,2,775
4630264,538,2019-06-21,269000.0,5000.0,E-Banking,140000.0,0.0,776,2,776
8374917,55,2019-07-01,269000.0,5000.0,Cash and Cheque,120000.0,60000.0,777,3,777
8143468,725,2019-05-30,264000.0,5000.0,Cheque and E-Banking,150000.0,100000.0,778,1,778
6479488,653,2019-07-03,264000.0,5000.0,Cheque,0.0,0.0,779,1,779
1617388,48,2019-05-26,264000.0,5000.0,E-Banking,0.0,0.0,780,3,780
5705475,523,2019-06-02,264000.0,5000.0,Cash,150000.0,0.0,781,4,781
4813693,554,2019-07-09,264000.0,5000.0,E-Banking,0.0,0.0,782,3,782
5312875,563,2019-07-07,299000.0,0.0,Cash,140000.0,0.0,783,5,783
8198950,616,2019-07-07,319000.0,5000.0,Cheque and E-Banking,0.0,0.0,784,1,784
4872761,560,2019-06-27,319000.0,5000.0,Cheque,0.0,0.0,785,2,785
1479001,446,2019-06-25,319000.0,0.0,Cash and Cheque,0.0,50000.0,786,5,786
7947455,848,2019-07-12,309000.0,5000.0,Cheque and E-Banking,0.0,90000.0,787,1,787
7068084,439,2019-07-13,264000.0,5000.0,"Cash, Cheque and E-Banking",140000.0,40000.0,788,1,788
6128680,411,2019-06-25,309000.0,5000.0,"Cash, Cheque and E-Banking",120000.0,100000.0,789,3,789
8621839,242,2019-07-11,269000.0,5000.0,E-Banking,130000.0,0.0,790,2,790
8645952,65,2019-07-18,299000.0,5000.0,E-Banking,150000.0,0.0,791,4,791
6158716,238,2019-06-16,264000.0,5000.0,Cash and E-Banking,100000.0,80000.0,792,2,792
3630991,43,2019-07-14,264000.0,5000.0,"Cash, Cheque and E-Banking",0.0,0.0,793,4,793
4781404,627,2019-07-08,299000.0,5000.0,Cheque,140000.0,0.0,794,3,794
4473755,187,2019-07-24,309000.0,5000.0,Cash and E-Banking,0.0,80000.0,795,1,795
3218866,214,2019-07-16,264000.0,5000.0,Cash,0.0,90000.0,796,3,796
4465603,681,2019-07-29,299000.0,5000.0,Cash and E-Banking,130000.0,60000.0,797,2,797
6236561,852,2019-08-02,299000.0,0.0,Cash and E-Banking,150000.0,60000.0,798,5,798
4072356,476,2019-07-03,339000.0,5000.0,Cash and Cheque,0.0,0.0,799,1,799
5631858,973,2019-07-01,269000.0,5000.0,Cheque and E-Banking,0.0,0.0,800,4,800
8573454,174,2019-08-06,264000.0,5000.0,Cash and Cheque,0.0,60000.0,801,1,801
1989327,495,2019-06-20,299000.0,5000.0,Cash and Cheque,140000.0,0.0,802,3,802
2677631,206,2019-07-07,299000.0,5000.0,"Cash, Cheque and E-Banking",0.0,0.0,803,4,803
3296196,477,2019-08-07,269000.0,5000.0,Cheque,0.0,100000.0,804,3,804
5416883,44,2019-08-05,319000.0,5000.0,Cheque and E-Banking,120000.0,50000.0,805,4,805
2164489,296,2019-07-19,339000.0,0.0,Cheque,150000.0,0.0,806,5,806
2463137,446,2019-06-18,339000.0,5000.0,Cheque and E-Banking,0.0,0.0,807,4,807
5732174,746,2019-07-22,319000.0,0.0,Cash and E-Banking,0.0,40000.0,808,5,808
2825178,154,2019-07-13,379000.0,5000.0,"Cash, Cheque and E-Banking",100000.0,50000.0,809,2,809
1773671,944,2019-06-21,319000.0,5000.0,Cash,0.0,60000.0,810,2,810
7002442,947,2019-07-08,319000.0,5000.0,E-Banking,130000.0,0.0,811,1,811
7281107,925,2019-06-29,319000.0,5000.0,E-Banking,0.0,80000.0,812,3,812
7128593,421,2019-07-23,319000.0,0.0,E-Banking,100000.0,40000.0,813,5,813
4942612,29,2019-06-27,259000.0,5000.0,Cheque,0.0,0.0,814,2,814
8511405,366,2019-08-13,299000.0,5000.0,Cheque,140000.0,0.0,815,2,815
9143140,114,2019-07-17,299000.0,5000.0,Cash and Cheque,150000.0,0.0,816,3,816
5457763,390,2019-06-22,299000.0,0.0,Cash and Cheque,120000.0,110000.0,817,5,817
2105315,413,2019-07-16,299000.0,5000.0,Cheque and E-Banking,0.0,0.0,818,1,818
5828716,360,2019-07-10,319000.0,5000.0,E-Banking,0.0,0.0,819,4,819
8522101,605,2019-07-12,309000.0,0.0,Cash and Cheque,0.0,110000.0,820,5,820
3276026,387,2019-07-27,339000.0,5000.0,E-Banking,130000.0,0.0,821,3,821
6684223,372,2019-07-13,339000.0,5000.0,Cheque and E-Banking,120000.0,0.0,822,4,822
3748175,777,2019-07-19,339000.0,5000.0,Cash,100000.0,40000.0,823,4,823
8249448,561,2019-08-01,339000.0,5000.0,Cash and Cheque,0.0,80000.0,824,3,824
7198815,726,2019-07-28,319000.0,5000.0,Cheque,0.0,0.0,825,2,825
5190233,498,2019-07-16,319000.0,5000.0,Cash and Cheque,0.0,50000.0,826,1,826
8962465,821,2019-08-13,319000.0,0.0,Cash and Cheque,100000.0,0.0,827,5,827
3844267,135,2019-07-14,319000.0,5000.0,Cheque and E-Banking,0.0,0.0,828,3,828
3380459,517,2019-08-20,319000.0,5000.0,Cheque,130000.0,80000.0,829,1,829
6822216,100,2019-08-21,319000.0,0.0,Cash and E-Banking,100000.0,0.0,830,5,830
1795403,955,2019-07-27,359000.0,5000.0,Cash and E-Banking,0.0,0.0,831,3,831
7054355,491,2019-07-04,259000.0,5000.0,Cheque and E-Banking,0.0,0.0,832,3,832
4052594,503,2019-07-15,319000.0,5000.0,Cash and E-Banking,150000.0,0.0,833,3,833
4785068,977,2019-08-26,264000.0,5000.0,Cash and Cheque,0.0,80000.0,834,4,834
6872223,389,2019-07-23,319000.0,5000.0,Cheque,0.0,0.0,835,4,835
1518543,584,2019-07-08,299000.0,5000.0,Cheque and E-Banking,0.0,40000.0,836,4,836
3052679,889,2019-09-05,259000.0,5000.0,E-Banking,150000.0,0.0,837,1,837
1527114,510,2019-08-22,339000.0,5000.0,Cash and Cheque,120000.0,60000.0,838,2,838
6706046,949,2019-08-05,299000.0,5000.0,Cash,120000.0,0.0,839,3,839
2986431,33,2019-09-07,299000.0,5000.0,Cheque and E-Banking,150000.0,0.0,840,1,840
9476027,431,2019-09-12,299000.0,0.0,Cheque and E-Banking,100000.0,40000.0,841,5,841
7591123,313,2019-07-29,299000.0,0.0,Cash and Cheque,0.0,90000.0,842,5,842
7510744,565,2019-08-24,299000.0,0.0,Cash,120000.0,0.0,843,5,843
4433477,218,2019-09-18,269000.0,5000.0,E-Banking,0.0,0.0,844,1,844
7367972,24,2019-07-25,339000.0,5000.0,"Cash, Cheque and E-Banking",0.0,90000.0,845,3,845
1928434,768,2019-08-04,259000.0,5000.0,Cheque and E-Banking,140000.0,0.0,846,3,846
2197725,878,2019-09-21,264000.0,5000.0,Cheque,100000.0,0.0,847,4,847
2364098,937,2019-08-19,339000.0,5000.0,"Cash, Cheque and E-Banking",0.0,0.0,848,2,848
8764132,180,2019-08-18,259000.0,5000.0,Cheque,0.0,100000.0,849,2,849
5625744,537,2019-08-30,339000.0,5000.0,Cheque,150000.0,50000.0,850,1,850
2528166,239,2019-08-10,299000.0,0.0,Cheque,0.0,110000.0,851,5,851
7242500,58,2019-09-01,259000.0,5000.0,Cash,0.0,100000.0,852,2,852
7054683,219,2019-08-17,259000.0,5000.0,"Cash, Cheque and E-Banking",0.0,0.0,853,3,853
6796952,692,2019-08-28,259000.0,0.0,Cash,0.0,60000.0,854,5,854
7439639,682,2019-09-10,299000.0,5000.0,E-Banking,150000.0,50000.0,855,2,855
3778779,649,2019-08-09,269000.0,5000.0,Cash,0.0,110000.0,856,2,856
1338154,374,2019-09-09,319000.0,5000.0,"Cash, Cheque and E-Banking",0.0,40000.0,857,1,857
1577758,616,2019-09-23,299000.0,5000.0,E-Banking,0.0,80000.0,858,2,858
3820084,241,2019-09-24,259000.0,5000.0,Cash,140000.0,80000.0,859,2,859
7101420,301,2019-08-11,264000.0,5000.0,"Cash, Cheque and E-Banking",100000.0,0.0,860,2,860
9415977,916,2019-09-28,259000.0,5000.0,E-Banking,120000.0,80000.0,861,2,861
2140298,173,2019-09-12,259000.0,0.0,Cash,0.0,70000.0,862,5,862
5022252,850,2019-09-10,259000.0,0.0,Cash and E-Banking,130000.0,0.0,863,5,863
4136802,304,2019-09-13,259000.0,5000.0,Cash,0.0,110000.0,864,2,864
4319314,77,2019-08-31,259000.0,5000.0,Cash and E-Banking,130000.0,0.0,865,4,865
4056762,910,2019-09-13,259000.0,5000.0,Cheque and E-Banking,0.0,0.0,866,3,866
3501669,75,2019-09-27,259000.0,0.0,Cheque and E-Banking,140000.0,0.0,867,5,867
9717211,147,2019-09-21,259000.0,0.0,E-Banking,0.0,0.0,868,5,868
7102793,57,2019-08-28,319000.0,0.0,Cash and Cheque,140000.0,0.0,869,5,869
1192361,832,2019-09-29,319000.0,5000.0,Cash,100000.0,0.0,870,3,870
4413929,435,2019-09-30,319000.0,5000.0,E-Banking,130000.0,100000.0,871,1,871
2805859,535,2019-09-26,319000.0,5000.0,Cash and Cheque,0.0,0.0,872,2,872
5145180,438,2019-09-15,319000.0,5000.0,Cash,140000.0,0.0,873,2,873
6030825,395,2019-08-22,319000.0,5000.0,Cash,130000.0,60000.0,874,3,874
6492598,552,2019-09-11,259000.0,5000.0,Cheque,140000.0,110000.0,875,4,875
4950915,463,2019-09-22,259000.0,0.0,Cheque and E-Banking,150000.0,0.0,876,5,876
6015334,225,2019-09-27,259000.0,5000.0,"Cash, Cheque and E-Banking",100000.0,0.0,877,2,877
4725656,914,2019-08-31,269000.0,5000.0,Cash,0.0,0.0,878,1,878
7738375,650,2019-08-29,264000.0,5000.0,Cheque and E-Banking,0.0,0.0,879,3,879
1937373,404,2019-10-24,264000.0,5000.0,Cash and E-Banking,0.0,90000.0,880,4,880
4700860,117,2019-10-18,264000.0,5000.0,Cash,150000.0,0.0,881,1,881
4434664,145,2019-09-04,264000.0,5000.0,Cash,0.0,0.0,882,3,882
5939085,591,2019-10-06,264000.0,5000.0,"Cash, Cheque and E-Banking",100000.0,110000.0,883,1,883
8848119,139,2019-10-19,299000.0,5000.0,Cheque,0.0,0.0,884,2,884
8325516,626,2019-09-26,264000.0,5000.0,Cash and Cheque,150000.0,40000.0,885,1,885
1428363,891,2019-10-22,264000.0,5000.0,Cash and E-Banking,0.0,100000.0,886,4,886
8537514,854,2019-11-01,264000.0,5000.0,"Cash, Cheque and E-Banking",0.0,0.0,887,1,887
5512490,348,2019-10-15,259000.0,0.0,Cash and E-Banking,120000.0,0.0,888,5,888
8259952,755,2019-10-14,259000.0,5000.0,Cheque,150000.0,0.0,889,3,889
6193586,155,2019-09-27,259000.0,5000.0,Cheque and E-Banking,0.0,70000.0,890,4,890
1058064,594,2019-10-01,259000.0,5000.0,Cash,0.0,0.0,891,2,891
5696343,61,2019-09-15,259000.0,5000.0,Cash,140000.0,0.0,892,2,892
2410739,584,2019-10-18,259000.0,5000.0,Cash and E-Banking,130000.0,0.0,893,2,893
2902424,705,2019-09-23,259000.0,5000.0,E-Banking,0.0,60000.0,894,4,894
7557432,404,2019-10-20,259000.0,5000.0,Cash and Cheque,0.0,0.0,895,4,895
7383454,556,2019-11-06,259000.0,0.0,E-Banking,120000.0,0.0,896,5,896
2372043,390,2019-10-09,259000.0,5000.0,Cheque and E-Banking,0.0,60000.0,897,1,897
1442689,164,2019-09-15,259000.0,5000.0,Cheque,0.0,80000.0,898,4,898
8778595,394,2019-09-20,259000.0,0.0,Cheque and E-Banking,0.0,40000.0,899,5,899
7210048,779,2019-11-11,259000.0,5000.0,Cash and E-Banking,0.0,0.0,900,4,900
8324965,932,2019-10-19,259000.0,5000.0,E-Banking,0.0,0.0,901,3,901
9821524,52,2019-10-05,259000.0,5000.0,"Cash, Cheque and E-Banking",0.0,0.0,902,2,902
9308352,180,2019-11-05,259000.0,5000.0,Cash and E-Banking,150000.0,0.0,903,4,903
1213236,453,2019-11-14,299000.0,5000.0,Cheque and E-Banking,100000.0,90000.0,904,4,904
9106563,913,2019-10-20,299000.0,0.0,"Cash, Cheque and E-Banking",140000.0,0.0,905,5,905
7981268,401,2019-09-29,299000.0,5000.0,Cheque,140000.0,0.0,906,2,906
6144655,670,2019-09-28,309000.0,5000.0,E-Banking,0.0,110000.0,907,1,907
3392358,333,2019-10-02,309000.0,5000.0,Cash and E-Banking,150000.0,0.0,908,4,908
2541262,812,2019-11-13,309000.0,5000.0,Cash and E-Banking,150000.0,0.0,909,4,909
6376318,547,2019-10-26,309000.0,5000.0,Cash,0.0,0.0,910,1,910
1218297,119,2019-11-06,309000.0,5000.0,Cash and E-Banking,0.0,0.0,911,4,911
5114153,32,2019-11-07,259000.0,0.0,Cash and Cheque,0.0,0.0,912,5,912
5522273,707,2019-11-13,264000.0,5000.0,Cheque and E-Banking,100000.0,50000.0,913,4,913
9713795,650,2019-10-27,264000.0,5000.0,Cheque,140000.0,0.0,914,4,914
5439691,377,2019-11-22,264000.0,5000.0,Cash and E-Banking,100000.0,100000.0,915,1,915
7139201,775,2019-10-15,264000.0,0.0,Cash and Cheque,0.0,70000.0,916,5,916
6627256,748,2019-10-16,264000.0,5000.0,E-Banking,0.0,0.0,917,1,917
5050454,80,2019-12-02,264000.0,0.0,"Cash, Cheque and E-Banking",0.0,60000.0,918,5,918
9540580,545,2019-10-12,264000.0,5000.0,Cheque,0.0,100000.0,919,3,919
3584188,527,2019-11-20,264000.0,5000.0,Cash,0.0,80000.0,920,1,920
7185190,790,2019-11-03,264000.0,5000.0,Cheque,0.0,0.0,921,4,921
5421602,762,2019-11-21,269000.0,5000.0,Cheque,0.0,90000.0,922,1,922
6847014,7,2019-11-24,299000.0,5000.0,Cheque and E-Banking,100000.0,90000.0,923,4,923
7096522,668,2019-11-20,299000.0,5000.0,Cash and E-Banking,140000.0,50000.0,924,1,924
9146426,418,2019-10-25,299000.0,5000.0,"Cash, Cheque and E-Banking",140000.0,40000.0,925,1,925
8667715,946,2019-12-06,299000.0,5000.0,Cheque,0.0,100000.0,926,4,926
5610462,589,2019-11-15,269000.0,5000.0,Cheque and E-Banking,140000.0,80000.0,927,3,927
1965251,855,2019-10-16,269000.0,5000.0,Cheque and E-Banking,140000.0,0.0,928,3,928
4930149,588,2019-11-25,269000.0,5000.0,E-Banking,0.0,0.0,929,2,929
3862051,568,2019-11-06,269000.0,5000.0,Cheque,0.0,80000.0,930,1,930
7764800,251,2019-11-26,269000.0,5000.0,Cheque and E-Banking,100000.0,70000.0,931,1,931
8418424,488,2019-12-20,264000.0,5000.0,"Cash, Cheque and E-Banking",120000.0,0.0,932,2,932
9770072,658,2019-12-11,299000.0,5000.0,Cheque and E-Banking,140000.0,80000.0,933,2,933
5490181,346,2019-11-06,299000.0,5000.0,Cheque,0.0,100000.0,934,4,934
7435432,318,2019-11-04,299000.0,5000.0,Cheque,0.0,100000.0,935,2,935
2214371,197,2019-10-27,299000.0,5000.0,E-Banking,0.0,0.0,936,4,936
6381997,855,2019-11-29,339000.0,5000.0,Cheque,0.0,70000.0,937,4,937
5254448,419,2019-12-02,319000.0,5000.0,Cash and Cheque,140000.0,60000.0,938,2,938
3685786,40,2019-12-16,319000.0,5000.0,Cash and E-Banking,100000.0,0.0,939,1,939
5791204,667,2019-12-29,319000.0,5000.0,E-Banking,0.0,0.0,940,3,940
8479421,523,2019-11-24,319000.0,0.0,Cheque and E-Banking,0.0,0.0,941,5,941
9381358,400,2019-12-01,319000.0,5000.0,Cheque,0.0,0.0,942,4,942
6829141,788,2019-11-13,269000.0,5000.0,Cash and E-Banking,150000.0,0.0,943,1,943
8718661,996,2019-12-20,269000.0,5000.0,E-Banking,100000.0,70000.0,944,1,944
1021849,220,2019-12-16,269000.0,0.0,"Cash, Cheque and E-Banking",0.0,0.0,945,5,945
9957185,497,2019-12-06,269000.0,5000.0,Cash,150000.0,90000.0,946,3,946
5419544,693,2019-11-26,269000.0,5000.0,Cheque and E-Banking,0.0,0.0,947,3,947
2638594,236,2019-12-05,269000.0,5000.0,Cash and E-Banking,0.0,40000.0,948,3,948
4565653,539,2019-12-29,269000.0,5000.0,Cash and Cheque,0.0,100000.0,949,1,949
1224595,474,2019-12-22,339000.0,5000.0,"Cash, Cheque and E-Banking",0.0,0.0,950,2,950
6864035,566,2019-12-31,339000.0,5000.0,Cash and Cheque,120000.0,0.0,951,3,951
2022114,751,2020-01-16,259000.0,5000.0,Cheque and E-Banking,140000.0,100000.0,952,2,952
9724348,487,2020-01-10,259000.0,5000.0,E-Banking,0.0,0.0,953,2,953
6053832,112,2020-01-08,259000.0,5000.0,Cheque,150000.0,0.0,954,2,954
4354693,874,2020-01-04,259000.0,5000.0,Cheque,0.0,0.0,955,2,955
6204096,240,2020-01-08,319000.0,5000.0,Cash and E-Banking,120000.0,50000.0,956,3,956
4963457,879,2020-01-23,319000.0,5000.0,Cash and E-Banking,0.0,60000.0,957,1,957
8845247,568,2019-11-30,339000.0,5000.0,Cheque and E-Banking,150000.0,70000.0,958,2,958
6832547,832,2019-12-27,339000.0,5000.0,Cash,0.0,0.0,959,3,959
3950087,360,2019-12-08,309000.0,5000.0,Cash and E-Banking,0.0,0.0,960,1,960
8555477,942,2019-12-14,339000.0,5000.0,Cheque,130000.0,110000.0,961,4,961
7206945,874,2019-11-30,359000.0,0.0,Cheque,0.0,0.0,962,5,962
2899683,669,2020-01-05,309000.0,5000.0,E-Banking,0.0,110000.0,963,4,963
7610403,551,2020-01-16,319000.0,5000.0,E-Banking,100000.0,0.0,964,3,964
1999143,494,2020-01-06,319000.0,5000.0,Cash,120000.0,70000.0,965,1,965
5779428,8,2020-01-31,339000.0,5000.0,Cheque and E-Banking,120000.0,0.0,966,2,966
8548690,952,2020-02-07,339000.0,5000.0,Cash and Cheque,100000.0,100000.0,967,2,967
8174947,305,2020-01-24,339000.0,5000.0,Cash and Cheque,130000.0,100000.0,968,1,968
4381946,171,2019-12-29,339000.0,5000.0,"Cash, Cheque and E-Banking",0.0,0.0,969,4,969
9552794,188,2020-02-08,339000.0,5000.0,E-Banking,120000.0,70000.0,970,3,970
2709560,905,2020-01-12,259000.0,0.0,Cash,0.0,90000.0,971,5,971
7430942,952,2020-01-11,319000.0,5000.0,Cheque,150000.0,0.0,972,4,972
8848968,443,2020-01-01,309000.0,5000.0,Cheque and E-Banking,100000.0,0.0,973,1,973
6479291,508,2019-12-26,309000.0,5000.0,E-Banking,0.0,0.0,974,3,974
6274035,144,2020-01-05,309000.0,5000.0,"Cash, Cheque and E-Banking",0.0,40000.0,975,4,975
7559767,525,2020-01-24,309000.0,5000.0,Cash and Cheque,0.0,0.0,976,4,976
3934596,799,2020-02-10,299000.0,5000.0,Cheque and E-Banking,120000.0,0.0,977,1,977
7059166,49,2020-01-31,299000.0,5000.0,Cheque and E-Banking,100000.0,110000.0,978,4,978
3850790,526,2020-02-04,299000.0,5000.0,"Cash, Cheque and E-Banking",0.0,110000.0,979,4,979
6114812,624,2020-02-05,299000.0,5000.0,Cheque,130000.0,0.0,980,2,980
6535450,865,2020-01-22,299000.0,5000.0,Cheque,0.0,60000.0,981,1,981
8315796,685,2020-02-08,299000.0,5000.0,Cash and Cheque,0.0,100000.0,982,4,982
8478643,799,2019-12-27,269000.0,5000.0,"Cash, Cheque and E-Banking",0.0,60000.0,983,3,983
6392321,164,2020-02-14,299000.0,5000.0,"Cash, Cheque and E-Banking",150000.0,0.0,984,4,984
2818965,739,2020-02-22,269000.0,5000.0,Cash,130000.0,0.0,985,4,985
3703792,139,2020-01-09,269000.0,5000.0,Cheque,0.0,50000.0,986,2,986
6811598,847,2020-01-15,269000.0,0.0,Cash and Cheque,100000.0,0.0,987,5,987
8149562,635,2020-02-01,269000.0,5000.0,Cash and E-Banking,100000.0,40000.0,988,3,988
1662767,209,2020-02-06,264000.0,5000.0,Cheque and E-Banking,140000.0,110000.0,989,4,989
9847456,246,2020-02-19,264000.0,5000.0,Cash and Cheque,0.0,90000.0,990,1,990
5298998,691,2020-02-06,264000.0,5000.0,Cheque and E-Banking,150000.0,0.0,991,2,991
6630393,122,2020-02-11,259000.0,0.0,Cheque,150000.0,0.0,992,5,992
8059403,25,2020-02-19,359000.0,0.0,Cheque and E-Banking,150000.0,0.0,993,5,993
1890417,800,2020-01-16,359000.0,5000.0,Cash and E-Banking,0.0,70000.0,994,4,994
2999815,228,2020-01-06,339000.0,5000.0,Cheque and E-Banking,0.0,70000.0,995,4,995
3580490,387,2020-01-11,259000.0,0.0,Cash,0.0,90000.0,996,5,996
3320661,200,2020-02-08,259000.0,0.0,Cheque,140000.0,80000.0,997,5,997
1432111,881,2020-01-15,259000.0,0.0,Cash,150000.0,0.0,998,5,998
7536695,9,2020-02-13,259000.0,5000.0,Cash and Cheque,100000.0,60000.0,999,3,999
7275227,921,2020-02-21,259000.0,0.0,Cash and Cheque,0.0,0.0,1000,5,1000
3797776,101,2020-02-24,259000.0,5000.0,Cheque,0.0,0.0,1001,1,1001
8188831,913,2020-02-13,259000.0,5000.0,Cash and E-Banking,0.0,90000.0,1002,4,1002
8018126,474,2020-02-27,259000.0,5000.0,Cheque,0.0,0.0,1003,4,1003
9834343,207,2020-01-29,259000.0,5000.0,E-Banking,130000.0,0.0,1004,3,1004
3655969,618,2020-02-21,259000.0,5000.0,"Cash, Cheque and E-Banking",150000.0,0.0,1005,1,1005
6093072,757,2020-02-08,259000.0,5000.0,Cash and E-Banking,120000.0,110000.0,1006,1,1006
8525555,295,2020-02-19,259000.0,0.0,Cash and Cheque,0.0,0.0,1007,5,1007
4997824,840,2020-01-31,259000.0,0.0,Cash and Cheque,120000.0,70000.0,1008,5,1008
4884303,27,2020-03-02,259000.0,0.0,"Cash, Cheque and E-Banking",0.0,100000.0,1009,5,1009
1643265,476,2020-02-09,259000.0,5000.0,Cash and E-Banking,0.0,0.0,1010,2,1010
4840738,805,2020-02-13,259000.0,5000.0,Cash,130000.0,50000.0,1011,4,1011
6544023,769,2020-01-30,259000.0,0.0,Cash,0.0,0.0,1012,5,1012
2767830,868,2020-02-28,259000.0,5000.0,Cash,120000.0,0.0,1013,3,1013
8558473,637,2020-02-29,259000.0,5000.0,Cheque and E-Banking,140000.0,60000.0,1014,3,1014
6127286,304,2020-02-03,259000.0,0.0,E-Banking,130000.0,80000.0,1015,5,1015
8290237,350,2020-01-31,259000.0,0.0,"Cash, Cheque and E-Banking",0.0,0.0,1016,5,1016
2937323,617,2020-03-07,259000.0,5000.0,Cash and E-Banking,0.0,0.0,1017,1,1017
7270007,534,2020-03-31,319000.0,5000.0,Cash,0.0,0.0,1018,3,1018
5366866,820,2020-03-19,319000.0,5000.0,Cheque and E-Banking,130000.0,40000.0,1019,4,1019
8036767,842,2020-03-18,319000.0,5000.0,Cash and E-Banking,0.0,110000.0,1020,3,1020
9213730,265,2020-02-27,319000.0,5000.0,Cash and Cheque,130000.0,0.0,1021,1,1021
5343572,621,2020-03-27,319000.0,0.0,Cheque and E-Banking,150000.0,80000.0,1022,5,1022
1075744,957,2020-03-08,319000.0,5000.0,Cheque and E-Banking,0.0,0.0,1023,2,1023
1419716,255,2020-02-19,319000.0,5000.0,E-Banking,0.0,110000.0,1024,3,1024
1925478,194,2020-03-25,319000.0,5000.0,Cheque,0.0,40000.0,1025,4,1025
3588983,601,2020-02-26,299000.0,0.0,Cheque and E-Banking,0.0,0.0,1026,5,1026
6759847,288,2020-04-01,299000.0,5000.0,Cash and Cheque,150000.0,60000.0,1027,2,1027
9283858,753,2020-04-04,269000.0,5000.0,Cash and Cheque,0.0,100000.0,1028,4,1028
5509713,361,2020-04-12,269000.0,5000.0,Cash and Cheque,150000.0,70000.0,1029,1,1029
5303398,140,2020-03-24,269000.0,0.0,E-Banking,0.0,0.0,1030,5,1030
3539387,365,2020-04-19,269000.0,5000.0,Cash and Cheque,120000.0,0.0,1031,3,1031
4185759,822,2020-03-13,269000.0,5000.0,Cheque and E-Banking,0.0,0.0,1032,2,1032
9497893,209,2020-04-14,269000.0,0.0,Cheque and E-Banking,120000.0,90000.0,1033,5,1033
3447549,880,2020-03-04,264000.0,5000.0,Cheque and E-Banking,0.0,110000.0,1034,3,1034
1489416,722,2020-04-09,264000.0,5000.0,Cash and E-Banking,0.0,0.0,1035,4,1035
4405956,230,2020-03-19,264000.0,5000.0,Cash and E-Banking,100000.0,0.0,1036,2,1036
6050428,969,2020-04-14,269000.0,5000.0,Cash,0.0,0.0,1037,2,1037
8137482,662,2020-04-06,341000.0,5000.0,Cheque and E-Banking,0.0,0.0,1038,1,1038
3814052,619,2020-04-19,269000.0,5000.0,Cheque and E-Banking,120000.0,90000.0,1039,4,1039
3822037,655,2020-03-12,259000.0,0.0,E-Banking,0.0,60000.0,1040,5,1040
9547154,829,2020-03-28,359000.0,5000.0,Cash and E-Banking,150000.0,0.0,1041,4,1041
9197728,74,2020-04-26,379000.0,5000.0,"Cash, Cheque and E-Banking",140000.0,0.0,1042,3,1042
9871000,381,2020-03-12,339000.0,5000.0,Cheque,150000.0,0.0,1043,4,1043
1213104,768,2020-04-25,339000.0,5000.0,Cheque and E-Banking,0.0,50000.0,1044,4,1044
1361062,209,2020-05-09,259000.0,0.0,"Cash, Cheque and E-Banking",0.0,0.0,1045,5,1045
2804918,799,2020-05-01,269000.0,5000.0,E-Banking,0.0,0.0,1046,4,1046
7525974,673,2020-04-02,269000.0,5000.0,Cash and Cheque,0.0,0.0,1047,4,1047
6354043,568,2020-04-18,259000.0,5000.0,E-Banking,0.0,110000.0,1048,2,1048
9760912,639,2020-05-05,269000.0,5000.0,E-Banking,0.0,0.0,1049,3,1049
1655597,504,2020-03-23,269000.0,5000.0,Cash,120000.0,0.0,1050,1,1050
7936585,535,2020-05-01,259000.0,5000.0,Cheque,0.0,0.0,1051,1,1051
8673406,276,2020-04-14,259000.0,5000.0,"Cash, Cheque and E-Banking",0.0,0.0,1052,1,1052
9025178,687,2020-04-27,259000.0,5000.0,Cash,120000.0,0.0,1053,3,1053
2959189,599,2020-04-23,269000.0,5000.0,Cheque,0.0,50000.0,1054,2,1054
7933369,538,2020-05-10,269000.0,5000.0,Cash,100000.0,50000.0,1055,2,1055
4639843,184,2020-03-29,269000.0,5000.0,Cash and E-Banking,150000.0,0.0,1056,2,1056
4920897,113,2020-05-06,339000.0,0.0,Cash and E-Banking,0.0,80000.0,1057,5,1057
9182484,922,2020-05-20,339000.0,5000.0,Cash and Cheque,0.0,0.0,1058,3,1058
4702254,298,2020-04-02,319000.0,5000.0,"Cash, Cheque and E-Banking",150000.0,0.0,1059,1,1059
5329533,170,2020-05-16,259000.0,5000.0,Cash,0.0,0.0,1060,2,1060
6233863,647,2020-04-17,259000.0,5000.0,E-Banking,0.0,80000.0,1061,3,1061
5440199,691,2020-05-04,259000.0,5000.0,Cash and E-Banking,0.0,0.0,1062,2,1062
6611428,64,2020-05-03,259000.0,5000.0,Cheque and E-Banking,0.0,0.0,1063,3,1063
5508281,628,2020-05-07,259000.0,5000.0,E-Banking,140000.0,0.0,1064,4,1064
8547736,527,2020-05-10,264000.0,5000.0,Cheque and E-Banking,0.0,90000.0,1065,2,1065
4661836,994,2020-05-19,259000.0,5000.0,Cash and E-Banking,0.0,0.0,1066,2,1066
3635860,758,2020-05-05,339000.0,5000.0,Cash and Cheque,0.0,0.0,1067,3,1067
6492180,599,2020-05-31,259000.0,5000.0,Cheque,150000.0,0.0,1068,1,1068
5557479,450,2020-04-24,339000.0,5000.0,Cheque,0.0,0.0,1069,3,1069
9019018,273,2020-04-17,319000.0,5000.0,E-Banking,0.0,0.0,1070,3,1070
8532685,465,2020-05-30,259000.0,5000.0,"Cash, Cheque and E-Banking",140000.0,60000.0,1071,1,1071
5096251,330,2020-05-25,319000.0,5000.0,Cash and E-Banking,0.0,60000.0,1072,4,1072
1124630,10,2020-06-09,319000.0,5000.0,"Cash, Cheque and E-Banking",130000.0,90000.0,1073,3,1073
6821202,975,2020-05-16,399000.0,5000.0,Cash,120000.0,0.0,1074,3,1074
1034629,410,2020-05-09,269000.0,5000.0,E-Banking,100000.0,0.0,1075,4,1075
9318147,667,2020-05-27,259000.0,5000.0,Cash and E-Banking,100000.0,110000.0,1076,2,1076
3883143,235,2020-06-05,339000.0,5000.0,Cash and Cheque,0.0,40000.0,1077,3,1077
9212142,771,2020-06-22,339000.0,0.0,Cash,130000.0,100000.0,1078,5,1078
2143084,235,2020-05-20,259000.0,5000.0,Cash,0.0,0.0,1079,2,1079
2419686,926,2020-05-11,319000.0,5000.0,Cash and E-Banking,0.0,110000.0,1080,2,1080
8205129,516,2020-06-15,319000.0,0.0,Cheque,0.0,0.0,1081,5,1081
5863990,755,2020-05-07,339000.0,0.0,E-Banking,130000.0,0.0,1082,5,1082
1862502,738,2020-05-22,359000.0,5000.0,Cash and E-Banking,0.0,0.0,1083,1,1083
7213524,410,2020-05-15,259000.0,5000.0,"Cash, Cheque and E-Banking",150000.0,0.0,1084,1,1084
7964768,415,2020-05-11,259000.0,5000.0,Cheque,120000.0,0.0,1085,1,1085
9010221,906,2020-07-03,259000.0,5000.0,Cash,140000.0,70000.0,1086,2,1086
5249709,18,2020-06-17,264000.0,5000.0,Cash and Cheque,0.0,0.0,1087,3,1087
3880202,817,2020-05-30,339000.0,5000.0,E-Banking,150000.0,60000.0,1088,1,1088
1612632,695,2020-06-20,339000.0,5000.0,Cheque and E-Banking,0.0,110000.0,1089,2,1089
9092925,587,2020-07-06,339000.0,5000.0,"Cash, Cheque and E-Banking",0.0,60000.0,1090,4,1090
8804152,63,2020-06-16,319000.0,5000.0,Cheque,0.0,0.0,1091,4,1091
5075585,296,2020-06-20,259000.0,5000.0,E-Banking,150000.0,40000.0,1092,1,1092
3308664,274,2020-07-12,264000.0,5000.0,Cheque,0.0,90000.0,1093,4,1093
2946566,347,2020-07-11,269000.0,5000.0,Cheque and E-Banking,0.0,0.0,1094,2,1094
8708626,463,2020-06-13,259000.0,5000.0,E-Banking,0.0,50000.0,1095,1,1095
5789665,991,2020-07-02,339000.0,5000.0,"Cash, Cheque and E-Banking",0.0,70000.0,1096,1,1096
9640146,144,2020-06-12,259000.0,5000.0,Cheque and E-Banking,0.0,0.0,1097,4,1097
9626323,975,2020-06-02,259000.0,5000.0,Cash,120000.0,0.0,1098,3,1098
9150686,585,2020-07-18,259000.0,5000.0,Cash and Cheque,100000.0,80000.0,1099,1,1099
4848991,888,2020-06-06,319000.0,5000.0,Cash and E-Banking,0.0,100000.0,1100,4,1100
9568202,571,2020-06-07,339000.0,0.0,E-Banking,150000.0,90000.0,1101,5,1101
7338297,181,2020-06-18,339000.0,5000.0,Cheque,140000.0,70000.0,1102,1,1102
4159474,29,2020-07-15,339000.0,5000.0,Cash,0.0,0.0,1103,4,1103
2865451,821,2020-06-10,264000.0,5000.0,"Cash, Cheque and E-Banking",0.0,80000.0,1104,2,1104
9689611,832,2020-06-19,299000.0,5000.0,Cheque,0.0,70000.0,1105,4,1105
5124765,296,2020-06-07,269000.0,5000.0,Cheque,120000.0,100000.0,1106,4,1106
8993780,220,2020-07-09,299000.0,5000.0,Cheque,0.0,0.0,1107,2,1107
3710528,158,2020-07-24,309000.0,5000.0,Cheque and E-Banking,100000.0,0.0,1108,2,1108
4909186,770,2020-06-04,259000.0,0.0,Cash and E-Banking,140000.0,0.0,1109,5,1109
4305546,604,2020-07-04,319000.0,0.0,Cash and E-Banking,140000.0,0.0,1110,5,1110
3192992,565,2020-07-25,264000.0,5000.0,Cash and E-Banking,120000.0,0.0,1111,4,1111
2745608,802,2020-06-11,269000.0,0.0,"Cash, Cheque and E-Banking",0.0,110000.0,1112,5,1112
7419898,60,2020-07-18,269000.0,0.0,Cheque and E-Banking,0.0,80000.0,1113,5,1113
1355081,120,2020-07-07,299000.0,5000.0,Cash,150000.0,100000.0,1114,3,1114
7645563,496,2020-06-11,341000.0,5000.0,Cheque and E-Banking,0.0,50000.0,1115,3,1115
9250515,956,2020-06-20,269000.0,5000.0,Cheque and E-Banking,0.0,50000.0,1116,1,1116
4252829,734,2020-06-21,259000.0,5000.0,Cash and Cheque,0.0,0.0,1117,1,1117
4506953,508,2020-06-28,259000.0,0.0,Cash and E-Banking,130000.0,60000.0,1118,5,1118
4449157,808,2020-07-04,259000.0,0.0,Cheque and E-Banking,0.0,80000.0,1119,5,1119
8142586,679,2020-06-22,259000.0,0.0,Cash and Cheque,0.0,0.0,1120,5,1120
9595007,836,2020-07-08,319000.0,5000.0,Cash and Cheque,130000.0,0.0,1121,1,1121
4521777,362,2020-07-24,319000.0,5000.0,Cheque,150000.0,110000.0,1122,1,1122
7245866,195,2020-06-28,319000.0,5000.0,Cash and Cheque,0.0,0.0,1123,2,1123
4626894,546,2020-08-14,319000.0,0.0,Cheque,0.0,90000.0,1124,5,1124
5242749,968,2020-07-05,319000.0,5000.0,Cash and E-Banking,0.0,0.0,1125,1,1125
6422706,817,2020-07-19,264000.0,5000.0,Cash,120000.0,0.0,1126,3,1126
4398036,595,2020-07-25,264000.0,0.0,Cash and E-Banking,150000.0,0.0,1127,5,1127
6482360,774,2020-07-07,299000.0,5000.0,Cash and Cheque,0.0,0.0,1128,4,1128
3945175,111,2020-07-03,264000.0,5000.0,Cash,130000.0,0.0,1129,4,1129
4510372,110,2020-08-03,309000.0,0.0,"Cash, Cheque and E-Banking",0.0,90000.0,1130,5,1130
2209238,69,2020-07-25,264000.0,5000.0,E-Banking,120000.0,0.0,1131,1,1131
6490125,17,2020-08-05,264000.0,5000.0,E-Banking,0.0,100000.0,1132,1,1132
2627877,197,2020-08-01,264000.0,5000.0,Cash and E-Banking,100000.0,80000.0,1133,4,1133
4712945,311,2020-07-14,264000.0,5000.0,"Cash, Cheque and E-Banking",100000.0,0.0,1134,4,1134
1598903,513,2020-09-01,299000.0,5000.0,"Cash, Cheque and E-Banking",0.0,80000.0,1135,3,1135
3319253,26,2020-09-01,269000.0,5000.0,Cash and E-Banking,150000.0,50000.0,1136,2,1136
8936955,240,2020-07-21,269000.0,5000.0,Cash and Cheque,0.0,60000.0,1137,1,1137
3524224,623,2020-08-19,269000.0,5000.0,"Cash, Cheque and E-Banking",100000.0,0.0,1138,3,1138
1937730,957,2020-08-20,269000.0,5000.0,Cheque and E-Banking,150000.0,0.0,1139,2,1139
1082600,52,2020-08-20,269000.0,5000.0,Cheque,0.0,90000.0,1140,1,1140
8458047,861,2020-08-31,269000.0,5000.0,Cheque,140000.0,110000.0,1141,4,1141
7635147,34,2020-07-22,299000.0,0.0,E-Banking,0.0,80000.0,1142,5,1142
6192900,575,2020-09-08,309000.0,5000.0,Cash,150000.0,0.0,1143,1,1143
3293558,294,2020-09-08,319000.0,5000.0,E-Banking,0.0,0.0,1144,3,1144
7667201,217,2020-09-11,269000.0,5000.0,Cash and Cheque,140000.0,0.0,1145,3,1145
9405145,960,2020-08-02,264000.0,5000.0,Cash,0.0,100000.0,1146,1,1146
8705222,342,2020-09-05,379000.0,5000.0,E-Banking,0.0,50000.0,1147,3,1147
4070057,415,2020-08-03,269000.0,5000.0,Cheque and E-Banking,0.0,0.0,1148,3,1148
1920477,659,2020-08-07,299000.0,5000.0,"Cash, Cheque and E-Banking",0.0,0.0,1149,4,1149
1844482,115,2020-08-04,269000.0,5000.0,Cash and E-Banking,140000.0,100000.0,1150,2,1150
5771653,333,2020-09-21,299000.0,5000.0,Cheque and E-Banking,130000.0,0.0,1151,3,1151
7577151,115,2020-09-24,264000.0,5000.0,Cheque,0.0,0.0,1152,4,1152
4814711,887,2020-08-15,299000.0,5000.0,Cash,0.0,60000.0,1153,1,1153
4551582,368,2020-08-25,269000.0,5000.0,Cash and Cheque,120000.0,0.0,1154,1,1154
6081156,931,2020-10-01,269000.0,5000.0,Cash and Cheque,0.0,100000.0,1155,2,1155
8981594,731,2020-09-08,264000.0,5000.0,Cash,0.0,0.0,1156,4,1156
5596507,272,2020-08-27,319000.0,5000.0,"Cash, Cheque and E-Banking",150000.0,100000.0,1157,2,1157
7366845,288,2020-09-19,259000.0,0.0,"Cash, Cheque and E-Banking",140000.0,0.0,1158,5,1158
5171309,89,2020-08-20,264000.0,0.0,"Cash, Cheque and E-Banking",100000.0,70000.0,1159,5,1159
7802237,118,2020-08-30,309000.0,5000.0,E-Banking,150000.0,60000.0,1160,4,1160
8030690,626,2020-10-01,339000.0,5000.0,Cheque,0.0,0.0,1161,2,1161
6561204,582,2020-09-20,309000.0,5000.0,E-Banking,0.0,100000.0,1162,1,1162
6464634,421,2020-08-16,309000.0,5000.0,E-Banking,120000.0,0.0,1163,1,1163
9104060,882,2020-08-27,299000.0,5000.0,Cheque,120000.0,0.0,1164,3,1164
1199875,874,2020-08-31,299000.0,5000.0,Cheque,0.0,0.0,1165,1,1165
9593510,269,2020-08-25,264000.0,5000.0,Cash and E-Banking,0.0,0.0,1166,3,1166
4100064,886,2020-10-04,299000.0,5000.0,"Cash, Cheque and E-Banking",0.0,80000.0,1167,1,1167
3105898,134,2020-09-12,259000.0,5000.0,Cash and Cheque,0.0,0.0,1168,3,1168
8348653,661,2020-09-12,269000.0,5000.0,"Cash, Cheque and E-Banking",0.0,100000.0,1169,4,1169
3419463,472,2020-09-20,269000.0,5000.0,Cheque,0.0,40000.0,1170,2,1170
3455468,457,2020-10-10,264000.0,5000.0,E-Banking,0.0,0.0,1171,3,1171
4951029,162,2020-09-05,269000.0,5000.0,Cheque and E-Banking,150000.0,0.0,1172,1,1172
4936931,991,2020-09-10,269000.0,5000.0,"Cash, Cheque and E-Banking",0.0,70000.0,1173,2,1173
5963273,14,2020-10-08,264000.0,5000.0,Cheque and E-Banking,0.0,50000.0,1174,4,1174
5543091,208,2020-09-04,264000.0,0.0,Cheque and E-Banking,0.0,100000.0,1175,5,1175
6051733,671,2020-10-22,264000.0,5000.0,Cash and Cheque,130000.0,0.0,1176,1,1176
1926403,143,2020-10-26,264000.0,5000.0,Cheque and E-Banking,0.0,0.0,1177,1,1177
2805406,927,2020-10-24,269000.0,5000.0,Cash,140000.0,0.0,1178,3,1178
2989162,237,2020-09-21,269000.0,5000.0,E-Banking,100000.0,0.0,1179,4,1179
3100372,385,2020-11-06,269000.0,5000.0,Cash and E-Banking,150000.0,0.0,1180,4,1180
7554619,296,2020-09-26,269000.0,5000.0,Cash and Cheque,0.0,60000.0,1181,2,1181
7682253,806,2020-09-13,309000.0,5000.0,E-Banking,0.0,70000.0,1182,2,1182
6605413,758,2020-10-09,309000.0,0.0,Cash and Cheque,140000.0,0.0,1183,5,1183
7091382,142,2020-11-12,319000.0,5000.0,Cash and E-Banking,120000.0,60000.0,1184,1,1184
3666510,129,2020-09-28,319000.0,5000.0,Cash,140000.0,0.0,1185,2,1185
7384073,218,2020-09-21,259000.0,5000.0,Cash,0.0,40000.0,1186,1,1186
3290814,562,2020-09-21,259000.0,5000.0,Cheque,140000.0,90000.0,1187,2,1187
2087100,379,2020-09-26,259000.0,5000.0,Cash,0.0,0.0,1188,1,1188
9762983,571,2020-10-27,339000.0,0.0,Cash and Cheque,150000.0,110000.0,1189,5,1189
8998923,326,2020-10-11,259000.0,5000.0,E-Banking,100000.0,0.0,1190,2,1190
9955663,59,2020-09-28,259000.0,5000.0,Cheque and E-Banking,0.0,0.0,1191,1,1191
5001610,236,2020-10-17,259000.0,0.0,Cheque and E-Banking,140000.0,0.0,1192,5,1192
7783074,562,2020-11-04,259000.0,0.0,"Cash, Cheque and E-Banking",0.0,100000.0,1193,5,1193
2982277,449,2020-10-06,259000.0,5000.0,Cash and Cheque,0.0,100000.0,1194,2,1194
4991534,372,2020-10-30,259000.0,0.0,Cheque,0.0,0.0,1195,5,1195
3662273,828,2020-11-22,269000.0,5000.0,Cash,0.0,0.0,1196,3,1196
7273829,464,2020-10-24,269000.0,5000.0,"Cash, Cheque and E-Banking",0.0,90000.0,1197,3,1197
6902816,101,2020-11-02,269000.0,5000.0,Cash,0.0,0.0,1198,3,1198
6724990,827,2020-10-30,269000.0,5000.0,"Cash, Cheque and E-Banking",0.0,0.0,1199,2,1199
5112123,247,2020-11-21,264000.0,5000.0,E-Banking,100000.0,0.0,1200,1,1200
5136916,73,2020-10-22,299000.0,5000.0,Cash and E-Banking,0.0,0.0,1201,2,1201
8659566,693,2020-11-21,264000.0,5000.0,Cheque,0.0,0.0,1202,4,1202
8162453,511,2020-10-19,259000.0,5000.0,"Cash, Cheque and E-Banking",0.0,0.0,1203,1,1203
3859530,686,2020-11-13,339000.0,5000.0,Cash and E-Banking,130000.0,0.0,1204,1,1204
1495069,196,2020-10-23,299000.0,5000.0,Cash and E-Banking,0.0,0.0,1205,2,1205
1110088,663,2020-10-06,299000.0,5000.0,"Cash, Cheque and E-Banking",0.0,0.0,1206,4,1206
1328533,329,2020-11-22,259000.0,5000.0,Cheque and E-Banking,0.0,110000.0,1207,3,1207
8647983,781,2020-10-18,339000.0,5000.0,Cash,150000.0,100000.0,1208,2,1208
3083617,86,2020-10-20,339000.0,5000.0,E-Banking,150000.0,0.0,1209,2,1209
6779950,33,2020-12-04,259000.0,5000.0,Cash and Cheque,130000.0,40000.0,1210,3,1210
4554670,97,2020-10-13,269000.0,5000.0,Cash and E-Banking,140000.0,40000.0,1211,1,1211
1858000,412,2020-12-03,269000.0,5000.0,"Cash, Cheque and E-Banking",0.0,0.0,1212,3,1212
5035069,167,2020-12-06,269000.0,0.0,Cash,140000.0,90000.0,1213,5,1213
6047359,863,2020-11-24,269000.0,5000.0,Cheque and E-Banking,0.0,0.0,1214,2,1214
2041947,589,2020-11-14,269000.0,5000.0,Cash and Cheque,0.0,0.0,1215,3,1215
6946451,868,2020-12-07,299000.0,5000.0,"Cash, Cheque and E-Banking",150000.0,0.0,1216,4,1216
7824638,700,2020-11-26,299000.0,5000.0,Cash and Cheque,0.0,0.0,1217,4,1217
7533702,756,2020-12-10,299000.0,5000.0,"Cash, Cheque and E-Banking",0.0,0.0,1218,2,1218
5365998,474,2020-11-13,299000.0,0.0,"Cash, Cheque and E-Banking",0.0,0.0,1219,5,1219
7733582,52,2020-10-19,299000.0,5000.0,Cheque and E-Banking,0.0,80000.0,1220,3,1220
6647369,94,2020-10-16,264000.0,5000.0,Cheque,0.0,0.0,1221,4,1221
6252232,549,2020-12-08,264000.0,0.0,Cheque,140000.0,110000.0,1222,5,1222
5221608,169,2020-12-01,339000.0,0.0,Cash and E-Banking,0.0,60000.0,1223,5,1223
4959020,665,2020-11-18,299000.0,0.0,Cheque,0.0,60000.0,1224,5,1224
6203040,819,2020-10-24,319000.0,5000.0,Cheque and E-Banking,100000.0,90000.0,1225,4,1225
1466264,466,2020-11-30,259000.0,0.0,Cheque,0.0,0.0,1226,5,1226
7535831,871,2020-12-10,259000.0,5000.0,Cash and Cheque,140000.0,0.0,1227,3,1227
6135653,52,2020-12-16,259000.0,5000.0,Cash,0.0,90000.0,1228,4,1228
2579105,225,2020-10-24,259000.0,0.0,E-Banking,0.0,0.0,1229,5,1229
4326443,242,2020-12-07,259000.0,0.0,Cheque,0.0,40000.0,1230,5,1230
9959919,96,2020-12-08,259000.0,5000.0,Cash and E-Banking,120000.0,100000.0,1231,4,1231
6188385,779,2020-12-04,259000.0,5000.0,Cheque,120000.0,60000.0,1232,3,1232
9952957,869,2020-11-15,259000.0,5000.0,Cash,0.0,70000.0,1233,3,1233
1962593,573,2020-12-06,259000.0,5000.0,Cheque and E-Banking,120000.0,50000.0,1234,1,1234
7132045,405,2020-12-06,259000.0,5000.0,Cash,0.0,0.0,1235,4,1235
5151716,651,2020-11-03,259000.0,5000.0,E-Banking,140000.0,90000.0,1236,4,1236
3623381,824,2020-11-26,259000.0,5000.0,Cheque and E-Banking,0.0,0.0,1237,3,1237
8835086,787,2020-12-06,319000.0,5000.0,Cheque and E-Banking,150000.0,100000.0,1238,3,1238
7167446,613,2020-11-20,264000.0,5000.0,Cheque and E-Banking,120000.0,100000.0,1239,3,1239
9223977,577,2020-11-04,264000.0,5000.0,Cash,0.0,0.0,1240,1,1240
7800419,527,2020-12-24,269000.0,0.0,Cheque and E-Banking,0.0,0.0,1241,5,1241
8220900,684,2020-11-24,269000.0,5000.0,E-Banking,150000.0,80000.0,1242,1,1242
7037888,580,2020-11-26,269000.0,0.0,Cash,0.0,90000.0,1243,5,1243
9354777,238,2020-12-31,269000.0,0.0,Cheque and E-Banking,140000.0,0.0,1244,5,1244
8348940,339,2020-12-15,269000.0,5000.0,Cheque and E-Banking,0.0,50000.0,1245,2,1245
8979177,320,2020-12-18,299000.0,0.0,Cash,140000.0,0.0,1246,5,1246
3017768,464,2020-12-21,339000.0,5000.0,Cheque,0.0,60000.0,1247,3,1247
4532900,48,2020-11-14,339000.0,5000.0,Cash and Cheque,0.0,0.0,1248,3,1248
9185402,981,2020-12-20,259000.0,5000.0,Cheque and E-Banking,140000.0,0.0,1249,3,1249
5480635,63,2021-01-09,299000.0,5000.0,E-Banking,100000.0,0.0,1250,4,1250
2585640,103,2020-11-25,299000.0,5000.0,Cash and Cheque,0.0,40000.0,1251,4,1251
7866598,506,2021-01-09,299000.0,0.0,Cash and E-Banking,100000.0,0.0,1252,5,1252
7879599,476,2020-12-20,259000.0,5000.0,Cash and Cheque,140000.0,0.0,1253,3,1253
7395367,206,2020-11-28,264000.0,5000.0,E-Banking,0.0,40000.0,1254,4,1254
7829860,250,2021-01-05,319000.0,5000.0,E-Banking,0.0,0.0,1255,3,1255
4030022,918,2020-12-17,259000.0,5000.0,Cheque,0.0,0.0,1256,2,1256
8980722,824,2021-01-11,259000.0,5000.0,Cash and E-Banking,130000.0,90000.0,1257,1,1257
8350726,384,2020-12-16,359000.0,0.0,Cheque,0.0,0.0,1258,5,1258
4187266,468,2020-12-20,264000.0,5000.0,Cash,150000.0,100000.0,1259,3,1259
6407748,986,2020-12-11,264000.0,5000.0,E-Banking,0.0,0.0,1260,1,1260
9692103,180,2021-01-18,264000.0,5000.0,"Cash, Cheque and E-Banking",0.0,110000.0,1261,1,1261
9705937,880,2021-01-23,269000.0,5000.0,Cash,150000.0,50000.0,1262,3,1262
9927878,873,2020-12-19,269000.0,5000.0,"Cash, Cheque and E-Banking",140000.0,40000.0,1263,1,1263
1129165,200,2020-12-25,269000.0,5000.0,Cash,0.0,80000.0,1264,3,1264
4881702,913,2020-12-29,299000.0,5000.0,Cash,0.0,0.0,1265,3,1265
2268477,35,2021-01-24,299000.0,5000.0,E-Banking,0.0,0.0,1266,3,1266
8485854,651,2021-01-20,259000.0,0.0,Cash and Cheque,130000.0,90000.0,1267,5,1267
6173431,285,2020-12-13,319000.0,5000.0,Cash,0.0,0.0,1268,3,1268
6412389,210,2021-01-11,319000.0,5000.0,"Cash, Cheque and E-Banking",0.0,0.0,1269,4,1269
6041771,663,2020-12-15,259000.0,5000.0,Cash and Cheque,0.0,0.0,1270,1,1270
3400478,556,2020-12-08,259000.0,5000.0,Cash and E-Banking,140000.0,40000.0,1271,2,1271
4564102,916,2020-12-10,259000.0,5000.0,Cash and E-Banking,130000.0,0.0,1272,1,1272
8631854,342,2021-01-21,259000.0,5000.0,Cash and E-Banking,0.0,70000.0,1273,1,1273
4855259,377,2021-02-01,259000.0,5000.0,Cash and E-Banking,0.0,50000.0,1274,1,1274
2277189,617,2021-01-14,319000.0,5000.0,Cash and Cheque,100000.0,0.0,1275,3,1275
2858634,213,2021-02-06,319000.0,5000.0,Cash and Cheque,0.0,0.0,1276,1,1276
1811404,345,2020-12-29,319000.0,0.0,Cash and E-Banking,140000.0,0.0,1277,5,1277
3530297,144,2021-01-06,339000.0,5000.0,Cash,120000.0,40000.0,1278,4,1278
1411140,926,2021-02-02,339000.0,5000.0,E-Banking,130000.0,0.0,1279,2,1279
7349079,177,2021-01-27,339000.0,5000.0,Cash,0.0,50000.0,1280,4,1280
3846176,668,2021-02-09,319000.0,5000.0,Cash and Cheque,0.0,0.0,1281,4,1281
3118735,912,2021-01-18,339000.0,5000.0,Cheque and E-Banking,0.0,0.0,1282,4,1282
2113984,792,2021-01-23,259000.0,5000.0,Cash,150000.0,60000.0,1283,3,1283
7036207,890,2021-01-22,269000.0,5000.0,"Cash, Cheque and E-Banking",0.0,0.0,1284,2,1284
8198174,747,2021-01-09,299000.0,5000.0,Cheque and E-Banking,0.0,70000.0,1285,2,1285
7892272,303,2021-02-16,269000.0,5000.0,E-Banking,140000.0,0.0,1286,1,1286
6800049,818,2021-02-24,269000.0,5000.0,"Cash, Cheque and E-Banking",0.0,0.0,1287,1,1287
7737829,204,2021-02-14,319000.0,0.0,Cheque and E-Banking,100000.0,40000.0,1288,5,1288
