vehicle model,color,chasis number,engine number,registration number,key number,battery number,mfd year
sxl 150cc,blue,MET0002JAYF001104,M440M3045249,Pra 3-02-008 Pa 7184,1234,M6A1N267960,2019
storm 125cc,matt black,MET0001CAZA013282,M912M3025684,Pra 3-02-015 Pa 8923,1235,M6A1N267959,2019
sxl 125cc,matt red,MET0002EAYL001310,M449M3239710,Pra 3-02-013 Pa 9684,1236,M6A1N267958,2019
sxl 125cc,matt red,MET0002EAYM001352,M449M3240708,Pra 3-02-014 Pa 5437,2463,M6G9M210094,2019
sr 125cc,blue,MET0003BAZB002492,M912M3026069,Pra 3-02-015 Pa 9939,2464,M6L0N177056,2019
sr 125cc,grey,MET0003BAZB002451,M912M3026033,Pra 3-02-015 Pa 9922,2465,M6L0N177055,2019
lx 125cc,azure provenza,MET0002AAZA001677,M449M3240145,Pra 3-02-015 Pa 7302,1867,M6A0M808299,2019
storm 125cc,black,MET0001CAZA013249,M912M3022361,Pra 3-02-15Pa 7333,3024,M6A0M808330,2019
storm 125cc,matt red,MET0001CAZB013357,M912M3025947,Pra 3 -02-15 Pa 9955,3025,M6K9M570917,2019
sr 150cc race,black/white,MET0003AAYB001232,M911M3072988,Na 65 Pa 9798,3026,M6K9M570916,2019
sr 125cc,blue,MET0003BAZA002421,M912M3024055,Pra 3 -02-15 Pa 7360,3027,M6K9M570915,2019
elegante 150cc,azure provenza,MET0000HAWK016861,M440M2039171,Na64 Pa 6114,3028,M6K9M570914,2019
lx 125cc,yellow,MET0002AAYJ001218,M449M3233537,Pra 3-02-012 Pa 4527,3029,M6K9M570913,2019
lx 125cc,yellow,MET0002AAYJ001216,M449M3233531,Pra 3-02-012 Pa 4531,3030,M6K9M570912,2019
vxl 125cc,azure provenza,MET0002DAYL001503,M449M3239473,Pra 3-02-014 Pa 1567,3031,M6K9M570911,2019
sxl 125cc,orange,MET0002EAYK001254,M449M3236935,Pra 3-02-013 Pa 1751,3032,M6K9M570910,2019
sr 150cc,black,MET0003AAYG002430,M911M3083530,Pra 2-03-004 Pa 8831,9000,M12QW869940,2019
vxl 125cc,azure blue,MET0002DAYK001442,M449M 3237039,Bhe 10 Pa 3554,3034,242114I90244,2019
vxl 125cc,red dragon,MET0002DAYL001580,M449M 3239485,Bhe 10 Pa 3943,3035,M6A1N270344,2019
sr 125cc,blue,MET0003BAZB002503,M912M 3026072,Bhe 10 Pa 5329,9001,M12QW869939,2019
sxl 125cc,matt red dragon,MET0002EAYM001374,M449M 3240680,Bhe 10 Pa 4140,2726,123MS890024,2019
sxl 125cc,orange ,MET0002EAYK001262,M449M 3236718,Bhe 10 Pa 3551,1987,M6A8M259497,2019
sxl 125cc,orange ,MET0002EAYK001261,M449M 3236964,Bhe 10 Pa 3552,3380,242114I90209,2019
lx 125cc,yellow,MET0002AAYJ001221,M449M 3233500,Pra 3- 02- 012- Pa 4528,2053,M6K9M578872,2019
storm 125cc,matt red,MET0001CAYF004210,M912M 3015073,Bhe9Pa 8951,9002,M12QW869938,2019
sr 125cc,blue,MET0003BAZB002510,M912M 3026083,Bhe 10 Pa 5305,9003,M12QW869937,2019
vxl 125cc,azure blue,MET0002DAYL001604,M449M 3239716,Bhe 10 Pa 3954,3126,M6K9M523865,2019
storm 125cc,matt red,MET0001CAYE002811,M912M 3013391,Bhe9Pa 8809,2626,242114I90291,2019
storm 125cc,matt red,MET0001CAYE002717,M912M 3013246,Bhe9Pa 8799,2922,M6K9M570870,2019
storm 125cc,matt black,MET0001CAZB013444,M912M 3026286,Bhe 10 Pa 5336,2923,M7628082345,2019
storm 125cc,matt black,MET0001CAZB013435,M912M 3026266,Bhe 10 Pa 5337,1206,M6A0Z132640,2019
sr 150cc,white,MET0003AAYH002612,M911M3085071,Bhe9Pa 9673,1207,M6A1N267965,2019
sr 150cc,white,MET0003AAYK003653,M911M 3088061,Bhe 10 Pa 3349,1208,M6A1N267964,2019
sr 150cc,blue,MET0003AAZB004203,M911M 3089389,Bhe 10 Pa 5310,1209,M6A1N267963,2019
sr 150cc race,black/ white,MET0003AAYG002569,M911M3083737,Bhe 9 Pa 9613,1210,M6A1N267962,2019
sr 150cc race,black/ white,MET0003AAYG002570,M911M3083739,Bhe 9Pa 9614,1211,M6A1N267961,2019
sr 150cc race,black/ white,MET0003AAYK003620,M911M 3087664,Bhe 10 Pa 3565,3439,M6A1N267795,2019
sr 125cc,grey,MET0003BAYM002376,M912M 3020293,Bhe 10 Pa 4141,3440,M6A1N267794,2019
sr 125cc,grey,MET0003BAYM002358,M912M 3025893,Bhe 10 Pa 4144,3033,M6K9M570909,2019
sr 125cc,grey,MET0003BAYM002378,M912M 3025877,Bhe 10 Pa 4148,3180,M6A6M759520,2019
sr 125cc,grey,MET0003BAYM002365,M912M 3024054,Bhe 10 Pa 4150,1576,242127F90613,2019
sxl 125cc,matt red,MET0002EAYL001308,M449M3239708,Pra-3-02-013 Pa 9686,1577,M6K9M527063,2019
vxl 125cc,azure provenza,MET0002DAYM001702,M449M3240684,Pra-3-02-014 Pa 5439,1578,M6G9M21000,2019
sxl 125cc,azure blue,MET0002EAYK001273,M449M3238729,Pra-3-02-013 Pa 2785,1579,242125C90276,2019
vxl 125cc,black,MET0002DAYG001283,M449M3227727,Pra-2-03-004 Pa 0478,1580,1210HG,2019
sr 150cc,white,MET0003AAYJ003266,M449M3086903,Pra-3-02-012 Pa 4827,1581,2.42E+11,2019
sr 125cc,grey,MET0003BAZC002536,M912M3026581,Bag 3-02-17 Pa 1729,1582,M6L0N173051,2019
storm 125cc,black,MET0001CAZA013319,M912M3025689,Pra 3-02-15 Pa 8918,1583,M6L0N173050,2019
sr 150cc race,blavk/white,MET0003AAZC004458,M911M3089627,Bag Pra 3-02-017 Pa 1722,1584,M6L0N173049,2019
lx 125cc,red dragon,MET0002AAZC001729,M449M3240262,Pra 3-02-17 Pa 4318,1585,M6L0N173048,2019
sr 125cc,blue,MET0003BAZA002413,M912M3025903,Pra 3-02-015 Pa 7287,1586,M6L0N173047,2019
sr 125cc,grey,MET0001BAVA001231,M912M3010505,Bag Pra  3-02-018 Pa 1952,1587,M6L0N173046,2019
storm 125cc,red dragon,MET0001CAZC013665,M912M3026350,Bagmati Pra 3-02-017 Pa 1651,1588,M6L0N173045,2019
lx 125cc,azuro provenza,MET0002AAZC001766,M449M3240244,Ba Pra 3-02-017 Pa 4285,1589,M6L0N173044,2019
sr 125cc,blue,MET0003BAZB002464,M912M3026067,Pra 3 -02- 016 Pa 0011,1590,M6L0N173043,2019
sr 125cc,blue,MET0003BAZB002473,M912M3026061,Pra 3 -02- 016 Pa 0023,1591,M6L0N173042,2019
vxl 125cc,azure provenza,MET0002DAZA001790,M449M3240754,Pra 3-02-15Pa 7306,1592,M6L0N173041,2019
sr 125cc,blue,MET0003BAZB002471,M912M3026057,Pra 3 -02- 016 Pa 0021,1593,M6L0N173040,2019
lx 125cc,yellow,MET0000AAWK097829,M449M3199675,Pra 3-02-013Pa 5085,1594,M6L0N173039,2019
sxl 125cc,matt red dragon,MET0002EAYL001331,M449M3239773,Pra 3-02-014 Pa 1370,1595,M6L0N173038,2019
vxl 125cc,azure provenza,MET0002DAZA001783,M449M3240727,Pra 3-02-015 Pa 7308,1596,M6L0N173037,2019
lx 125cc,azure provenza,MET0002AAZC001769,M449M3240227,Bag Pa 2-017 Pa 4282,1597,M6L0N173036,2019
lx 125cc,azure provenza,MET0002AAZC001765,M449M3240220,Bagmati Pra 3-02 017 Pa 4286,1598,M6L0N173035,2019
sr 150cc,black,MET0003AAZC004345,M911M3089756,Bag Pra 3-02-017 Pa 1764,1599,M6L0N173034,2019
lx 125cc,azure provenza,MET0002AAZC001768,M449M3240250,Bag Pra  3-02-017 Pa 4283,1600,M6L0N173033,2019
sr 150cc,matt black,MET0003AAZC004373,M911M3089662,Bag Pra 3-02-17 Pa 1659,1601,M6L0N173032,2019
sr 150cc,matt black,MET0003AAZC004350,M911M3089757,Bag 3-02-017 Pa 1769,1602,M6L0N173031,2019
sr 150cc,red dragon,MET0003AAZC004419,M911M3089776,Bag Pra 3-02-017 Pa 1691,1603,M6L0N173030,2019
sr 150cc,red dragon,MET0003AAZC004413,M911M3089789,Bag 3-02-017 Pa 1685,1604,M6L0N173029,2019
sr 150cc,matt black,MET0003AAZC004368,M911M3089737,Bag 3-02-017 Pa 1787,1605,M6L0N173028,2019
sr 150cc,red dragon,MET0003AAZC004422,M911M3089766,Bag Pra  3-02-017 Pa 1694,1606,M6L0N173027,2019
sr 150cc,blue,MET0003AAYC001752,M911M3078236,Na 65 Pa 9731,1607,M6L0N173026,2019
sr 150cc,white,MET0003AAZC004396,M911M3089665,Pra 3-02-17 Pa 4560,1608,M6L0N173025,2019
lx 125cc,red,MET0002AAZC001731,M449M3240267,Bagmati Pra 3-02-017 Pa 4316,1609,M6L0N173024,2019
storm 125cc,matte  black,MET0001CAZC013721,M912M3026378,Bag Pra 3-02-017 Pa 4634,1610,M6L0N173023,2019
sr 150cc race,black/white,MET0003AAZC004485,M911M3089619,Bag Pra 3-02-017 Pa 4588,9004,M12QW869936,2019
storm 125cc,white,MET0001CAZC013763,M912M3026673,Bagmati Pra 3-02-017 Pa 4600,9005,M12QW869935,2019
sr 150cc race,white,MET0003AAZC004477,M911143089643,Bagmati Pra 3-02-017 Pa 4590,9006,M12QW869934,2019
vxl 125cc,red,MET0002DAYM001656,M449M3240665,Pra 3-02-014 Pa 5423,9007,M12QW869933,2019
lx 125cc,white,MET0000AAWM101236,M449M3205140,Pra 3 - 02 -013 Pa 2775,9008,M12QW869932,2019
storm 125cc,black,MET0001CAZC013723,M912M3026375,Bag Pra 3-02-017 Pa 4633,9009,M12QW869931,2019
sxl 125cc,yellow,MET000EAWL023873,M449M3204795,Na 64 Pa 6102,9010,M12QW869930,2019
vxl 125cc,red,MET0002DAYL001573,M449M3239670,Pra 3-02-013 Pa 9190,9011,M12QW869929,2019
vxl 125cc,red,MET0002DAYM001668,M449M3240661,Pra 3-02-014 Pa 5500,9012,M12QW869928,2019
vxl 125cc,red,MET0002DAYM001663,M449M3240664,Pra 3-02-014 Pa 5502,9013,M12QW869927,2019
sxl 125cc,dragon red,MET0002EAYM001368,M449M3240645,Pra3-02-014 Pa 5345,9014,M12QW869926,2019
sxl 125cc,dragon red,MET0002EAYL001335,M449M3239687,Pra 3-02-014 Pa 1366,9015,M12QW869925,2019
vxl 125cc, blue,MET0002DAZC001892,M449M3240890,Bag Pra 3-02-017 Pa  4297,9016,M12QW869924,2019
vxl 125cc, blue,MET0002DAZC001882,M449M3240851,Bag Pra 3-02-017 Pa 4342,9017,M12QW869923,2019
storm 125cc,matte red,MET0001CAZB013571,M912M3026450,Pra 2-03-009 Pa 7991,9018,M12QW869922,2019
storm 125cc,matte red,MET0001CAZB013592,M912M3026483,Pra 2-03-009 Pa 7999,9019,M12QW869921,2019
storm 125cc,matte red,MET0001CAZB013596,M912M3026491,Pra 2-03-009 Pa 8000,9020,M12QW869920,2019
storm 125cc,matte red,MET0001CAZB013572,M912M3026461,Pra 2-03-009 Pa 7992,9021,M12QW869919,2019
storm 125cc,matte red,MET0001CAZB013549,M912M3026222,Pra 2-03-009 Pa 7970,9022,M12QW869918,2019
storm 125cc,matte red,MET0001CAZB013560,M912M3026462,Pra 2 -03- 009 Pa 7980 ,9023,M12QW869917,2019
storm 125cc,matte red,MET0001CAZB013557,M912M3026319,Pra 2-03-009 Pa 7977,9024,M12QW869916,2019
storm 125cc,matte red,MET0001CAZB013564,M912M3026430,Pra 2- 03-009 Pa 7984,9025,M12QW869915,2019
storm 125cc,matte red,MET0001CAZB013575,M912M3026466,Pra 2 -03-009 Pa 7995,9026,M12QW869914,2019
storm 125cc,matte red,MET0001CAZB013555,M912M3026468,Pra 2 -03 -009 Pa 7976,9027,M12QW869913,2019
storm 125cc,matte red,MET0001CAZB013563,M912M3026426,Pra 2- 03-009 Pa 7983,9028,M12QW869912,2019
storm 125cc,matte red,MET0001CAZB013550,M912M3026320,Pra 2 -03 -009 Pa 7971,9029,M12QW869911,2019
storm 125cc,matte red,MET0001CAZB013544,M912M3026407,Pra 2 -03- 009 Pa 7965,9030,M12QW869910,2019
storm 125cc,matte red,MET0001CAZB013570,M912M3026486,Pra -2-03-009 Pa 7990,9031,M12QW869909,2019
storm 125cc,matte red,MET0001CAZB013545,M912M3026417,Pra 2 -03 -009 Pa 7966,9032,M12QW869908,2019
sxl 125cc,orange,MET0002EAZJ001417,M449M3240961,Pra 3 -02-018 Pa 3155,9033,M12QW869907,2019
sxl 125cc,orange,MET0002EAZJ001419,M449M3240925,Pra 3-02-018Pa 3157,9034,M12QW869906,2019
sxl 125cc,white,MET0002EAYL001317,M449M3239688,Bhe 10 Pa 3945,9035,M12QW869905,2019
lx 125cc,red,MET0002AAZJ001785,M449M3241102,Pra 2-03-009Pa8090,9036,M12QW869904,2019
lx 125cc,red,MET0002AAZJ001786,M449M3241099,Pra 2-03-009Pa8091,9037,M12QW869903,2019
lx 125cc,red,MET0002AAZJ001789,M449M3241079,Pra 2-03-009Pa8092,9038,M12QW869902,2019
lx 125cc,yellow,MET0002AAZJ001861,M449M3241056,Pra 2-03-009Pa8093,9039,M12QW869901,2019
lx 125cc,yellow,MET0002AAZJ001862,M449M3241072,Pra 2-03-009Pa8094,9040,M12QW869900,2019
lx 125cc,azure,MET0002AAZJ001873,M449M3241096,Pra 2-03-009Pa8095,9041,M12QW869899,2019
lx 125cc,azure,MET0002AAZJ001875,M449M3241063,Pra 2-03-009Pa8096,9042,M12QW869898,2019
lx 125cc,azure,MET0002AAZJ001878,M449M3241041,Pra 2-03-009Pa8097,9043,M12QW869897,2019
lx 125cc,azure,MET0002AAZJ001879,M449M3241044,Pra 2-03-009Pa8098,1651,M6A1N271478,2019
vxl 125cc,yellow,MET0002DAZJ001930,M449M3240957,Pra 2-03-009Pa8099,1652,M6A1N271477,2019
sxl 125cc,orange,MET0002EAZJ001422,M449M3240947,Pra 2-03-009Pa8100,1653,M6A1N271476,2019
sr 150cc,black,MET0003AAZJ004553,M911M3090031,Pra 2-03-009Pa8117,1654,M6A1N271475,2019
sr 150cc,black,MET0003AAZJ004582,M911M3090082,Pra 2-03-009Pa8118,1655,M6A1N271474,2019
sr 150cc,black,MET0003AAZJ004583,M911M3090071,Pra 2-03-009Pa8119,1656,M6A1N271473,2019
sr 150cc,black,MET0003AAZJ004584,M911M3090075,Pra 2-03-009Pa8120,1657,M6A1N271472,2019
sr 150cc,white,MET0003AAZJ004530,M911M3090068,Pra 2-03-009Pa8122,1658,M6A1N271471,2019
sr 150cc,white,MET0003AAZJ004528,M911M3090067,Pra 2-03-009Pa8121,1659,M6A1N271470,2019
sr 150cc,red,MET0003AAZJ004635,M911M3090158,Pra 2-03-009Pa8124,1660,M6A1N271469,2019
sr 150cc,red,MET0003AAZJ004622,M911M3090360,Pra 2-03-009- Pa 8123,1661,M6A1N271468,2019
sr 150cc,red,MET0003AAZJ004644,M911M3089994,Pra 2-03-009Pa8125,1662,M6A1N271467,2019
sr 125cc,grey,MET0003BAZJ002687,M912M3026651,Pra 2-03-009Pa8101,1663,M6A1N271466,2019
sr 125cc,grey,MET0003BAZJ002689,M912M3026652,Pra 2-03-009Pa8102,9044,M12QW869896,2019
sr 125cc,grey,MET0003BAZJ002691,M912M3026136,Pra 2-03-009Pa8103,1665,M6A1N271465,2019
sr 125cc,grey,MET0003BAZJ002699,M912M3028145,Pra 2-03-009Pa8104,1666,M6A1N271464,2019
sr 125cc,blue,MET0003BAZJ002701,M912M3026132,Pra 2-03-009Pa8105,1667,M6A1N271463,2019
sr 125cc,matt red,MET0001CAZJ013848,M912M 3026831,Pra 2-03-009Pa8107,1668,M6A1N271462,2019
storm 125cc,matt red,MET0001CAZJ013849,M912M3026834,Pra 2-03-009Pa8108,1669,M6A1N271461,2019
storm 125cc,matt red,MET0001CAZJ013854,M912M3027117,Pra 2-03-009Pa8109,1670,M6A1N271460,2019
storm 125cc,matt red,MET0001CAZJ013855,M912M3027119,Pra 2-03-009Pa8110,1671,M6A1N271459,2019
storm 125cc,black,MET0001CAZJ013824,M912M3027083,Pra 2-03-009 Pa 8111,1672,M6A1N271458,2019
storm 125cc,black,MET0001CAZJ013825,M912M3026734,Pra 2-03-009Pa 8112,1673,M6A1N271457,2019
sr 150cc,black/white,MET0003AAZJ004680,M911M3089932,Pra 2-03-009Pa 8129,1674,M6A1N271456,2019
vxl 125cc,azure,MET0002DAZJ001932,M442M3240941,Pra 2-03-009Pa 8114,1675,M6A1N271455,2019
vxl 125cc,azure,MET0002DAZJ001934,M449M3240977,Pra 2-03-009Pa 8115,1676,M6A1N271454,2019
vxl 125cc,azure,MET0002DAZJ001936,M449M3240937,Pra 2-03-009Pa 8116,3507,M6GON868630,2019
sr 150cc race,white/black ,MET0003AAZJ004672,M911M3090220,Pra 2-03-009 Pa 8072,9045,M12QW869895,2019
storm 125cc,black,MET0001CAZC013726,M912M3026479,Pra 3-02-017Pa 4630,9046,M12QW869894,2019
sr 150cc race,white,MET0003AAZJ004673,M911M3089937,Pra 2-03-009 Pa 8073,9047,M12QW869893,2019
sr 125cc,grey,MET0003BAZJ002688,M912M3026596,Pra -2-03-009 Pa 8079,9048,M12QW869892,2019
sr 150cc,black,MET0003AAZJ004547,M911M3090090,Pra 2-03-009 Pa 8051,9049,M12QW869891,2019
storm 125cc,black,MET0001CAZC013717,M912M3026359,Pra 3-02-017 Pa 4636,9050,M12QW869890,2019
storm 125cc,black,MET0001CAZC013715,M912M3026360,Pra 3 -02-017 Pa 4637,9051,M12QW869889,2019
sr 150cc,black,MET0003AAZJ004573,M911M3090078,Pra 2-03-009 Pa 8056,9052,M12QW869888,2019
sr 150cc race,white,MET0003AAZJ004671,M911M3089942,Pra 2-03-009Pa8071,9053,M12QW869887,2019
storm 125cc,black,MET0001CAZC013736,M912M3026520,Pra  3-02-017 Pa 4627,9054,M12QW869886,2019
sr 150cc,black/white,MET0003AAZJ004674,M911M3089936,Pra 2-03-009Pa8126,9055,M12QW869885,2019
sr 150cc,black/white,MET0003AAZJ004678,M911M3089934,Pra 2-03-009Pa8127,9056,M12QW869884,2019
sxl 125cc,orange,MET0002EAZJ001423,M449M3240953,Pra 2-03-009Pa8113,9057,M12QW869883,2019
sr 125cc,blue,MET0003BAZJ002702,M912M3026143,Pra 2-03-009Pa8106,9058,M12QW869882,2019
storm 125cc,black,MET0001CAZC013732,M912M3026397,Pra  Pra 3-02-017 Pa 4623,9059,M12QW869881,2019
sr 150cc,red,MET0003AAZJ004639,M911M3090146,Pra 2-03-009Pa8068,9060,M12QW869880,2019
sr 150cc,red,MET0003AAZJ004634,M911M3090126,Pra 2-03-009 Pa 8067,9061,M12QW869879,2019
sr 125cc,yellow,MET0003BAYH001984,M912M3018519,Pra 2-03-004 Pa 9223,9062,M12QW869878,2019
vxl 125cc,blue,MET0002DAZC001883,M449M3240852,Bag Pra 3-02-017-Pa 4341,9063,M12QW869877,2019
sxl 125cc,red dragon,MET0002EAZC001402,M449M3240866,Bag Pra 3 -02-017-4301,9064,M12QW869876,2019
sxl 125cc,red dragon,MET0002EAZC001404,M449M3240847,Bag Pra 3 -02-017-4346,9065,M12QW869875,2019
vxl 125cc,red,MET002DAYM001673,M449M3240650, Bag Pra 3-02-014-5506,9066,M12QW869874,2019
sxl 150cc,matt red,MET0002JAYH001241,M440M3047314,Pra 2 -03- 004 Pa 9253,9067,M12QW869873,2019
vxl 125cc,yellow,MET0002DAYB001025,M449M 3211296,Pra 3-02-010Pa 3949,9068,M12QW869872,2019
vxl 125cc,azure,MET0002DAZB001855,M449M3240836,Pra 1-02-042Pa-106,9069,M12QW869871,2019
vxl 125cc,red,MET0002DAZC001866,M449M3240893,Pra 3 -02 -017 Pa 4333,9070,M12QW869870,2019
vxl 125cc,red,MET0002DAZC001868,M449M3240862,Bag Pra 3-02-017 Pa 4287,9071,M12QW869869,2019
lx 125cc,azure,MET0002AAZJ001852,M449M3240998,Pra3-02-18 Pa 3173,9072,M12QW869868,2019
sr 150cc,white,MET0003AAZC004408,M911M3089732,Bag Pra 3-02-17 Pa 4579,9073,M12QW869867,2019
sr 150cc,white,MET0003AAZC004387,M911M3089718,Bag Pra 3-02-17 Pa 4576,9074,M12QW869866,2019
sr 150cc,blue ,MET0003AAZC004435,M911M3089782,Bag Pra 3-02-17 Pa 4584,9075,M12QW869865,2019
sr 150cc,blue,MET0003AAZC004431,M911M3089770,Bag Pra 3-02-17 Pa 4580,9076,M12QW869864,2019
vxl 125cc,silver,MET0002DAYG001235,M449M 3227528,Pra 2-03-004Pa8744,9077,M12QW869863,2019
sr 150cc race,white/black ,MET0003AAZJ004679,M911M3089933,Pra 2-03-09 Pa 8128,9078,M12QW869862,2019
sxl 125cc,black,MET0002EAYK001247,M449M3237057,Pra 3- 02-013 Pa1712,9079,M12QW869861,2019
sxl 125cc,black,MET0002EAYJ001208,M449M3235692,Pra 3-02-012 Pa 4791,9080,M12QW869860,2019
sxl 125cc,black,MET0002EAYJ001213,M449M3235735,Pra 3-02-12 Pa 4793,9081,M12QW869859,2019
sxl 125cc,yellow,MET0000EAWG019710,M449M3184838,Pra 3-02-006 Pa9910,9082,M12QW869858,2019
vxl 125cc,black,MET0002DAYJ001394,M449M3234628,Pra-3-02-012 Pa 7016,9083,M12QW869857,2019
vxl 125cc,black,MET0002DAYJ001392,M449M3234638,Pra-3-02-012 Pa7019,2630,M6K0M367159,2019
vxl 125cc,white,MET000DAWL038366,M449M3204691,Pra 3 -02-013 Pa 5089,2631,M6A1N271616,2019
vxl 125cc,white,MET0002DAZC001876,M449M3240845,Bag Pra 3-02-017 Pa 4292,2632,M6A1N271615,2019
vxl 125cc,white,MET0000DAWL038356,M449M3204549,Pra 3-02-012 Pa 5485,9500,M12QW869856,2019
vxl 125cc,red,MET0002DAZC001865,M449M3240909,Bag Pra 3-02-017-4332,9501,M12QW869855,2019
vxl 150cc,elegent,MET0002HAYG002065,M440M3046545,Pra 1-02-040-Pa 5612,9502,M12QW869854,2019
lx 125cc,white,MET0002AAYH001191,M449M3228635,Pra 2-03-004 Pa 9209,9503,M12QW869853,2019
vxl 125cc,black,MET0002DAYH001373,M449M3231817,Pra 2-03-004 Pa 9249,9504,M12QW869852,2019
storm 125cc,yellow,MET0001CAZC013683,M912M3026353,Bag Pra 3-02-017 Pa 4558,2638,M6A1N276024,2019
vxl 125cc,yellow,MET0002DAZK001977,M449M3241410,Pra 2-03-011 Pa 0687,2639,M6A1N276023,2019
sr 150cc,black,MET0003AAZK005002,M911M3090831,Pra 2-03-011 Pa 0720,2640,M6A1N276022,2019
notte 125cc,black,MET0002AAZK002014,M449M3241174,Pra 2-03-011 Pa 0675,2641,M6A1N276021,2019
sxl 125cc,orange,MET0002EAZK001426,M449M3240974,Pra 2-03-011Pa 0678,2642,M6A1N276020,2019
sr 150cc,red,MET0003AAZK004929,M911M3090634,Pra 2-03-011 Pa0734,2643,M6A1N276019,2019
sr 150cc,black,MET0003AAZK005001,M911M3090503,Pra 2-03-011 Pa 0719,2644,M6A1N276018,2019
sr 150cc,red,MET0003AAZK004928,M911M3090626,Pra 2-03-011 Pa 0733,2645,M6A1N276017,2019
sr 150cc,red,MET0003AAZK004926,M911M3090637,Pra 2-03-011 Pa 0732,2646,M6A1N276016,2019
sr 150cc,black,MET0003AAZK004721,M911M3090415,Pra 2-03-011 Pa 0692,2647,M6A1N276015,2019
sr 125cc,grey,MET0003BAZK002752,M912M3027035,Pra 2-03 -011 Pa 0685,2648,M6A1N276014,2019
sxl 125cc,orange,MET0002EAZK001433,M449M3240984,Pra 2-03-011 Pa 0680,2649,M6A1N276013,2019
lx 125cc,black,MET0002AAZK002015,M449M3241160,Pra 2-03 -011 Pa 0676,2650,M6A1N276012,2019
storm 125cc,grey,MET0003BAZK002823,M912M3027299,Pra 2-03-011 Pa 0710,3508,M6GON868631,2019
sxl 125cc,white,MET0002EAZK001435,M449M3240928,Pra 2-03-011 Pa 0682,2652,M6J0M290049,2019
lx 125cc,red,MET0002AAZK001989,M449M3241195,Pra 2-03-011 Pa 0656,2653,M6J0M290048,2019
sxl 125cc,orange,MET0002EAZK001430,M449M3240980,Pra 2-03-011 Pa 0679,2654,M6J0M290047,2019
sr 150cc,black,MET0003AAZK004989,M911M3090625,Pra 2-03-011 Pa 0712,2655,M6J0M290046,2019
lx 125cc,red,MET0002AAZK001995,M449M3241202,Pra 2-03-011 Pa 0659,2656,M6J0M290045,2019
lx 125cc,red,MET0002AAZK001994,M449M3241204,Pra 2-03-011 Pa 0658,2657,M6J0M290044,2019
lx 125cc,azure,MET0002AAZK001912,M449M3241161,Pra 2-03-011 Pa 0666,2658,M6J0M290043,2019
sr 150cc,white/black ,MET0003AAZK004823,M911M3089958,Pra 2-03-011 Pa 0695,2659,M6J0M290042,2019
sr 125cc,grey,MET0003BAZK002751,M912M3026602,Pra 2-03 011 Pa 0684,2660,M6J0M290041,2019
vxl 125cc,yellow,MET0002DAZK001938,M449M3240979,Pra 2-03-011Pa0677,2661,M6J0M290040,2019
sr 150cc,black,MET0003AAZK004710,M911M3090427,Pra 2-03 -011Pa 0691,9555,M12QW869851,2019
lx 125cc,red,MET0002AAZK002067,M449M3241463,Bag Pra 3-02-019 Pa 8867,9556,M12QW869850,2019
storm 125cc,red,MET0002AAZK002069,M449M3241475,Bag Pra 3-02-019 Pa 8869,9557,M12QW869849,2019
lx 125cc,red,MET0002AAZK002071,M449M3241462,Bag Pra 3-02-019Pa 8871,9558,M12QW869848,2019
lx 125cc,red,MET0002AAZK002074,M449M3241340,Bag Pra 3-02-019 Pa 8874,9559,M12QW869847,2019
lx 125cc,red,MET0002AAZK002078,M449M3241328,Bag Pra 3-02-019 Pa 8878,9560,M12QW869846,2019
lx 125cc,azure,MET0002AAZK001938,M449M3241230,Bag Pra 3-02-019 Pa 8881,9561,M12QW869845,2019
lx 125cc,azure,MET0002AAZK001944,M449M3241027,Bag Pra 3-02-019 Pa 8884,2669,M6A1N270246,2019
lx 125cc,azure,MET0002AAZK001945,M449M3241018,Bag Pra 3-02 -019 Pa 8885,2670,M6A1N270245,2019
lx 125cc,azure,MET0002AAZK001948,M449M3241259,Bag Pra 3-02-019 Pa 8887,2671,M6A1N270244,2019
lx 125cc,azure,MET0002AAZK001954,M449M3241233,Bag Pra 3-02-019 Pa 8891,2672,M6A1N270243,2019
vxl 125cc,azure,MET0002DAZK001963,M449M3241293,Bag Pra 3-02-019 Pa 8894,2673,M6A1N270242,2019
vxl 125cc,azure,MET0002DAZK001965,M449M3241274,Bag Pra 3-02-019 Pa 8896,2674,M6A1N270241,2019
vxl 125cc,azure,MET0002DAZK001966,M449M3241295,Bag Pra 3-02-019 Pa 8897,2675,M6A1N270240,2019
vxl 125cc,azure,MET0002DAZK001968,M449M3241289,Bag Pra 3-02-019Pa8899,2676,M6A1N270239,2019
vxl 125cc,azure,MET0002DAZK001969,M449M3241288,Bag Pra 3-02-019Pa 8900,2677,M6A1N270238,2019
vxl 125cc,azure,MET0002DAZK001970,M449M3241282,Bag Pra 3-02-019 Pa 8901,2678,M6A1N270237,2019
lx 125cc,yellow,MET0002AAZK002080,M449M 3241333,Pra 2-03-011 Pa 0699,2679,M6A1N270236,2019
lx 125cc,red,MET0002AAZK002025,M449M3241327,Pra 2-03-011 Pa 0688,2680,M6A1N270235,2020
lx 125cc,yellow,MET0002AAZK002084,M449M3241346,Pra 2-03-011 Pa 0700,2681,M6A1N270234,2020
sr 125cc,grey,MET0003BAZK002818,M912M3027254,Pra 2-03-011 Pa 0707,2682,M6A1N270233,2020
storm 125cc,red,MET0001CAZK013999,M912M3027478,Pra 2-03-011Pa0875,2683,M6A1N270232,2020
storm 125cc,red,MET0001CAZK014009,M912M3027435,Pra 2-03-011Pa0882,2684,M6A1N270231,2020
storm 125cc,red,MET0001CAZK014017,M912M3027383,Pra 2-03-011Pa0887,2685,M6A1N270230,2020
storm 125cc,white,MET0001CAZK013933,M912M3027446,Pra 2-03-011Pa0893,2686,M6A1N270229,2020
storm 125cc,black,MET0001CAZK013979,M912M3027423,Pra 2-03-011Pa0903,2687,M6A1N270228,2020
sr 150cc,black,MET0003AAZK005030,M911M3090979,Pra 2-03-011Pa0870,2688,M6A1N270227,2020
storm 125cc,white,MET0001CAZK013935,M912M3027521,Pra 2-03-011Pa0894,2689,M6A1N270226,2020
storm 125cc,red,MET0001CAZK014006,M912M3027495,Pra 2-03-011Pa0879,2690,M6A1N270225,2020
storm 125cc,black,MET0001CAZK013980,M912M3027561,Pra 2-03-011Pa0904,2691,M6A1N270224,2020
lx 125cc,red,MET0002AAZK002155,M449M3241775,Pra 2-03 011 Pa 0910,2692,M6A1N270223,2020
lx 125cc,red,MET0002AAZK002157,M449M3241774,Pra 2-03 -011 Pa 0912,2693,M6A1N270222,2020
lx 125cc,red,MET0002AAZK002159,M449M3241552,Pra 2-03-011 Pa 0913,3509,M6GON868632,2020
lx 125cc,red,MET0002AAZK002164,M449M3241767,Pra 2-03-011 Pa 0916,3510,M6GON868633,2020
lx 125cc,white,MET0002AAZL002204,M449M3241726,Pra 2-03-011 Pa 0918,3511,M6GON868634,2020
lx 125cc,white,MET0002AAZL002205,M449M3241745,Pra 2-03-011 Pa 0919,1611,M6L0N173022,2020
lx 125cc,white/black ,MET0002AAZL002208,M449M3241728,Pra 2-03-011 Pa 0922,1612,M6A1N271517,2020
lx 125cc,yellow,MET0002AAZL002191,M449M3241734,Pra 2-03 -011 Pa 0924,1613,M6A1N271516,2020
lx 125cc,yellow,MET0002AAZL002192,M449M3241727,Pra 2-03-011 Pa 0925,1614,M6A1N271515,2020
lx 125cc,yellow,MET0002AAZL002194,M449M3241718,Pra 2-03-011 Pa 0926,1615,M6A1N271514,2020
lx 125cc,azure,MET0002AAZL002223,M449M3241546,Pra 2-03 -011 Pa 0928,1616,M6A1N271513,2020
lx 125cc,azure,MET0002AAZL002224,M449M3241537,Pra 2-03-011 Pa 0929,1617,M6A1N271512,2020
lx 125cc,azure,MET0002AAZL002225,M449M3241773,Pra 2-03-011 Pa 0930,1618,M6A1N271511,2020
lx 125cc,azure,MET0002AAZL002226,M449M3241545,Pra 2-03-011 Pa 0931,1619,M6A1N271510,2020
lx 125cc,azure,MET0002AAZL002227,M449M3241769,Pra 2-03 011 Pa 0932,1620,M6A1N271509,2020
lx 125cc,azure,MET0002AAZL002228,M449M3241762,Pra 2-03-011 Pa 0933,1621,M6A1N271508,2020
sr 150cc,red,MET0003AAZK005197,M911M3091190,Pra 2-03-011 Pa 0940,1622,M6A1N271507,2020
sr 150cc,red,MET0003AAZK005200,M911M3091194,Pra 2-03 011 Pa 0941,1623,M6A1N271506,2020
sr 150cc,red,MET0003AAZK005202,M911M3091182,Pra 2-03 011 Pa 0942,1624,M6A1N271505,2020
sr 150cc race,white,MET0003AAZL005238,M911M3090739,Pra 2-03-011 Pa 0943,1625,M6A1N271504,2020
sr 150cc race,white,MET0003AAZL005239,M911M3090742,Pra 2-03-011 Pa 0944,1626,M6A1N271503,2020
sr 150cc race,white,MET0003AAZL005240,M911M3090595,Pra 2-03 -011 Pa 0945,1627,M6A1N271502,2020
sr 150cc race,white,MET0003AAZL005244,M911M3090736,Pra 2-03 011 Pa 0946,1628,M6A1N271501,2020
sr 150cc race,white,MET0003AAZL005245,M911M3090741,Pra 2-03 011 Pa 0947,1629,M6A1N271500,2020
lx 125cc,white,MET0002AAZL002206,M449M3241768,Pra 2-03-011Pa0920,1630,M6A1N271499,2020
storm 125cc,red,MET0001CAZL014140,M912M3027954,Bagmati Pra 3-02-020 Pa 7447,1631,M6A1N271498,2020
storm 125cc,red,MET0001CAZL014146,M912M3027947,Bagmati Pra 3-02-020 Pa 7453,1632,M6A1N271497,2020
storm 125cc,red,MET0001CAZL014142,M912M3027957,Bagmati Pra 3-02-020 Pa 7449,1633,M6A1N271496,2020
storm 125cc,red,MET0001CAZL014137,M912M3027948,Bag Pra 3-02-020 Pa 7444,1634,M6A1N271495,2020
storm 125cc,red,MET0001CAZL014139,M912M3027960,Bag Pra 3-02-020 Pa 7446,1635,M6A1N271494,2020
storm 125cc,black,MET0001CAZL014112,M912M3027594,Bag Pra 3-02 -020 Pa 8014,1636,M6A1N271493,2020
storm 125cc,black,MET0001CAZL014110,M912M3027942,Bag Pra 3-02-020 Pa 7481,1637,M6A1N271492,2020
storm 125cc,black,MET0001CAZL014113,M912M3027785,Bag Pra 3-02-020 Pa 7483,1638,M6A1N271491,2020
storm 125cc,yellow,MET0003CAYJ001016,M912M3021956,P1-02-040P-7870,1639,M6A1N271490,2020
sr 125cc,grey,MET0003BAZL003014,M912M3027910,Bagmati Pra 3-02-020 Pa 7431,1640,M6A1N271489,2020
sr 150cc,black,MET0003AAZL005309,M911M3091317,Bagmati Pra 3-02-020 Pa 7390,1641,M6A1N271488,2020
sr 150cc,black,MET0003AAZL005293,M911M3091298,Bagmati Pra 3-02-020 Pa 7381,1642,M6A1N271487,2020
sr 150cc,black,MET0003AAZL005299,M911M3091332,Bagmati Pra 3-02-020 Pa 7383,1643,M6A1N271486,2020
sr 150cc,black,MET0003AAZL005313,M911M3091321,Bag Pra 3-02 -020 Pa 7394,1644,M6A1N271485,2020
sr 125cc,grey,MET0003BAZL003028,M912M3027723,Bag Pra 3-02-020 Pa 7432,1645,M6A1N271484,2020
sr 125cc,grey,MET0003BAZL003030,M912M3027928,Bag Pra 3-02-020 Pa 7434,1646,M6A1N271483,2020
sr 125cc,grey,MET0003BAZL003041,M912M3027704,Bag Pra 3-02-020 Pa 7439,1647,M6A1N271482,2020
sr 125cc,grey,MET0003BAZL003037,M912M3027912,Bag Pra 3-02-020 Pa 7438,1648,M6A1N271481,2020
sr 125cc,blue,MET0003BAZL003070,M912M3027791,Bag Pra 3-02 -020 Pa 7440,1649,M6A1N271480,2020
storm 125cc,red,MET0001CAZL014148,M912M3027936,Bag Pra 3-02-020 Pa 7455,1650,M6A1N271479,2020
sr 150cc,blue,MET0003AAZL005372,M911M3091335,Bag Pra 3-02-020 Pa 7413,1483,M600N969151,2020
sr 150cc,blue,MET0003AAZL005373,M911M3091341,Bag Pra 3-02-020 Pa 7414,5236,M6JOM275854,2020
sr 150cc,green,MET0003AAZK005076,M911M3091102,Bag Pra 3-02-020 Pa 5667,5237,M6K0M436470,2020
sr 150cc,black,MET0003AAZL005305,M911M3091308,Bag Pra 3-02-020 Pa 7386,5238,M6K0M436469,2020
sxl 125cc,yellow,MET0000EAWL023852,M449M3202817,Na 64 Pa 6095,5239,M6K0M436468,2020
vxl 125cc,azure provenza,MET0002DAZK001956,M449M3241305,Pra 1-02-043 Pa 3894,5240,M6K0M436467,2020
vxl 125cc,azure provenza,MET0002DAZK001959,M449M3241294,Pra 1-02-043 Pa 3895,5241,M6K0M436466,2020
vxl 125cc,azure provenza,MET0002DAZK001961,M449M3241290,Pra 1-02-043 Pa 3897,5242,M6K0M436465,2020
vxl 125cc,azure provenza,MET0002DAZK001951,M449M3241298,Pra 1-02-043 Pa 3941,5243,M6K0M436464,2020
vxl 125cc,azure provenza,MET0002DAZK001953,M449M3241308,Pra 1-02-043 Pa 3942,5244,M6K0M436463,2020
sr 125cc,grey,MET0003BAZK002891,M912M3027251,Pra 1 -02-043 Pa 6605,5245,M6K0M436462,2020
sr 125cc,grey,MET0003BAZK002894,M912M3027617,Pra 1 -02-043 Pa 6607,5246,M6K0M436461,2020
sr 125cc,grey,MET0003BAZK002895,M912M3027618,Pra 1 -02-043 Pa 6608,5247,M6K0M436460,2020
sr 125cc,grey,MET0003BAZK002897,M912M3027351,Pra 1 -02-043 Pa 6609,5248,M6K0N387305,2020
sr 125cc,grey,MET0003BAZK002900,M912M3027607,Pra 1 -02-043 Pa 6611,5249,M6K0N387304,2020
sr 125cc,blue,MET0003BAZK002975,M912M3027675,Pra 1 -02-043 Pa 6619,5250,M6K0N387303,2020
sr 125cc,blue,MET0003BAZK002977,M912M3027673,Pra 1-02-043 Pa 6620,5251,M6K0N387302,2020
sxl 125cc,orange,MET0002EAZK001509,M449M3241376,Pra 1-02-043 Pa 6483,5252,M6K0N387301,2020
sxl 125cc,matt red dargon,MET0002EAZK001487,M449M3241496,Pra 1-02-043 Pa 6490,5253,M6K0N387300,2020
lx 125cc,pearl white,MET0002AAZL002217,M449M3241697,Pra 1-02-043 Pa 6568,2811,M6AOZ132555,2020
lx 125cc,pearl white,MET0002AAZL002219,M449M3241553,Pra 1-02-043 Pa 6569,2812,M6L0N174382,2020
lx 125cc,azuro provenza,MET0002AAZL002250,M449M3241338,Pra 1-02-043 Pa 6578,2813,M6L0N174381,2020
lx 125cc,azuro provenza,MET0002AAZL002253,M449M3241353,Pra 1-02-043 Pa 6580,2814,M6L0N174380,2020
vxl 125cc,pearl white,MET0002DAZK002105,M449M3241651,Pra 1-02-043 Pa 6588,2815,M6L0N174379,2020
vxl 125cc,azuro provenza,MET0002DAZK001988,M449M3241594,Pra 1-02-043 Pa 6597,2816,M6L0N174378,2020
sxl 125cc,white,MET0002EAZK001529,M449M3241392,Pra 1-02-043 Pa 6529,2817,M6L0N174377,2020
sxl 125cc,white,MET0002EAZK001532,M449M3241383,Pra 1-02-043 Pa 6544,3512,M6GON868635,2020
sr 150cc race,black/white,MET0003AAZL005242,M911M3090587,Pra 1-02-043 Pa 6546,2819,M6L0N17547,2020
sxl 125cc,yellow,MET0000EAWL023872,M449M3204801,Na 64 Pa 6103,1500,242127F90621,2020
vxl 150cc,red,MET0002HAYB001029,M440M3042587,Na 65 Pa 9792,1501,242127F90620,2020
sr 150cc race,white,MET0003AAZL005438,M911M 3089957,Bagmati Pra 3-02-020 Pa 8303,1502,242127F90619,2020
vxl 125cc,yellow,MET0002DAYH001324,M449M3231933,Pra 2-03-004Pa9202,1503,242127F90618,2020
vxl 125cc,grey,MET0002DAYK001479,M449M3236959,Pra 3 - 02 -013 Pa 2774,1504,242127F90617,2020
sxl 125cc,orange,MET0002EAZK001512,M449M3241386,Bhe 11 Pa 0070,1505,242127F90616,2020
sxl 125cc,orange,MET0002EAZK001513,M449M3241388,Bhe 11 Pa 0071,1506,242127F90615,2020
sxl 125cc,orange,MET0002EAZK001519,M449M3241487,Bhe 11 Pa 0072,1507,242127F90614,2020
sxl 125cc,orange,MET0002EAZK001520,M449M3241405,Bhe 11 Pa 0073,2828,M6K0M385344,2020
sxl 125cc,azure,MET0002EAZK001537,M449M3240919,Bhe 11 Pa 0069,2829,M6K0M385343,2020
lx 125cc,matt  black,MET0002AAZK002149,M449M3241171,Bhe 10 Pa 9976,2830,M6K0M385342,2020
vxl 125cc,grey,MET0002DAYK001489,M449M3236926,Bhe 10 Pa 3330,2831,M6K0M385341,2020
sr 150cc race,black/white,MET0003AAZL005236,M911M3090746,Bhe 10 Pa 9992,2832,M6K0M385340,2020
sr 150cc race,black/white,MET0003AAZL005237,M911M3090737,Bhe 10 Pa 9993,2833,M6K0M385339,2020
sr 150cc race,black/white,MET0003AAZL005230,M911M3090752,Bhe 10 Pa 9989,2834,M6K0M385338,2020
sr 150cc race,black/white,MET0003AAZL005231,M911M3090751,Bhe 10 Pa 9990,2835,M6K0M385337,2020
sr 150cc,white,MET0003AAZK004742,M911M3090274,Bhe 11 Pa 0086,2836,M6K0M385336,2020
sr 150cc,white,MET0003AAZK004743,M911M3090492,Bhe 11 Pa 0087,3513,M6K0N118314,2020
sr 150cc,white,MET0003AAZK004744,M911M3089968,Bhe 11 Pa 0088,3514,M6K0N118315,2020
sr 150cc,white,MET0003AAZK004745,M911M3090507,Bhe 11 Pa 0089,2695,M6A1N271381,2020
sr 150cc,red,MET0003AAZK005219,M911M3091188,Bhe 10 Pa 9984,2696,123MS890028,2020
sr 150cc,red,MET0003AAZK005223,M911M3091155,Bhe 10 Pa 9986,2697,123MS890027,2020
sr 125cc,grey,MET0003BAZK002890,M912M3026153,Bhe 11 Pa 99,2698,123MS890026,2020
sr 150cc,matt green,MET0003AAZK005080,M911M3090953,Bhe 11 Pa 0091,2699,123MS890025,2020
sr 125cc,matt red,MET0001CAZK014067,M912M3027514,Bhe 11 Pa 112,3515,M6L0N175706,2020
sr 125cc,matt yellow,MET0001CAZK013893,M912M3027365,Bhe 11 Pa 130,3516,M6L0N175707,2020
sr 125cc,matt yellow,MET0001CAZK013881,M912M3027405,Bhe 11 Pa 120,3517,M6L0N175708,2020
sr 125cc,matt yellow,MET0001CAZK013885,M912M3027369,Bhe 11 Pa 122,3518,M6L0N175709,2020
storm 125cc,yellow,MET0001CAYH007946,M912M3019557,Pra 3-02-011 Pa 5368,3519,M6J0M294415,2020
storm 125cc,red,MET0001CAZK014016,M912M3027395,Pra 2-03-011Pa0886,2662,M6J0M290039,2020
storm 125cc,red,MET0001CAZK014002,M912M3027421,Pra 2-03-011Pa0876,2663,M6A1N270252,2020
notte 125cc,black,MET0002AAZK002129,M449M3241137,Pra 2-03-011Pa0937,2664,M6A1N270251,2020
vxl 150cc,red,MET0000HAWH015628,M440M3037013,Pra 3-02-009 Pa 7958,2665,M6A1N270250,2020
vxl 150cc,red,MET0002HAYB001034,M440M3042588,Pra 3-02-006 Pa 2159,2666,M6A1N270249,2020
sxl 125cc,red,MET0002EAZK001486,M449M3241397,Pra 2-03-011 Pa 0873,2667,M6A1N270248,2020
lx 125cc,yellow,MET0002AAZL002190,M449M3241716,Pra 2-03-011 Pa 0923,2668,M6A1N270247,2020
lx 125cc,white,MET0002AAZM002274,M449M3241780,Pra 2-03-012Pa2701,2203,M6L0N170932,2020
lx 125cc,white,MET0002AAZM002275,M449M3241791,Pra 2-03-012Pa2702,2204,M6A1N271364,2020
lx 125cc,yellow,MET0002AAZM002266,M449M3241568,Pra 2-03-012Pa2703,1315,M6A1N267957,2020
lx 125cc,yellow,MET0002AAZM002273,M449M3241785,Pra 2-03-012Pa2704,1316,M6A1N270370,2020
lx 125cc,pink,MET0002AAZM002280,M449M3241799,Pra 2-03-012Pa2705,1317,M6A1N270369,2020
lx 125cc,pink,MET0002AAZM002282,M449M3241567,Pra 2-03-012Pa2706,1318,M6A1N270368,2020
lx 125cc,azure,MET0002AAZM002285,M449M3241954,Pra 2-03-012Pa2707,1319,M6A1N270367,2020
lx 125cc,azure,MET0002AAZM002286,M449M3241948,Pra 2-03-012Pa2708,1320,M6A1N270366,2020
lx 125cc,azure,MET0002AAZM002287,M449M3241555,Pra 2-03-012Pa2709,1321,M6A1N270365,2020
lx 125cc,azure,MET0002AAZM002288,M449M3241792,Pra 2-03-012Pa2710,1322,M6A1N270364,2020
lx 125cc,azure,MET0002AAZM002289,M449M3241959,Pra 2-03-012Pa2711,2482,M6L0N177054,2020
lx 125cc,azure,MET0002AAZM002290,M449M3241955,Pra 2-03-012Pa2712,2483,M6J0M357673,2020
lx 125cc,azure,MET0002AAZM002291,M449M3241950,Pra 2-03-012Pa2713,2484,M6J0M357672,2020
lx 125cc,azure,MET0002AAZM002292,M449M3241952,Pra 2-03-012Pa2714,2945,M7628082344,2020
lx 125cc,azure,MET0002AAZM002293,M449M3241956,Pra 2-03-012Pa2715,3520,M6A1N270264,2020
lx 125cc,azure,MET0002AAZM002294,M449M3241957,Pra 2-03-012Pa2716,3521,M6A1N270265,2020
lx 125cc,azure,MET0002AAZM002295,M449M3241949,Pra 2-03-012Pa2717,3522,M6A1N270266,2020
lx 125cc,azure,MET0002AAZM002296,M449M3241966,Pra 2-03-012Pa2718,2099,M6L0N170899,2020
lx 125cc,azure,MET0002AAZM002297,M449M3241960,Pra 2-03-012Pa2719,1034,M6L0N177114,2020
lx 125cc,azure,MET0002AAZM002301,M449M3241953,Pra 2-03-012Pa2720,2495,M6J0M357671,2020
lx 125cc,azure,MET0002AAZM002302,M449M3241968,Pra 2-03-012Pa2721,3291,M6L0N170934,2020
vxl 125cc,red,MET0002DAZK002024,M449M3241524,Pra 2-03-012Pa2722,3292,M6A1N267791,2020
vxl 125cc,red,MET0002DAZK002025,M449M3240973,Pra 2-03-012Pa2723,3293,M6A1N267790,2020
vxl 125cc,red,MET0002DAZM002156,M449M3241881,Pra 2-03-012Pa2724,1793,M6K0N113101,2020
vxl 125cc,red,MET0002DAZM002157,M449M3241869,Pra 2-03-012Pa2725,1794,M6A1N270317,2020
vxl 125cc,red,MET0002DAZM002158,M449M3241867,Pra 2-03-012Pa2726,1711,M6A1N271419,2020
vxl 125cc,red,MET0002DAZM002167,M449M3241862,Pra 2-03-012Pa2727,1712,M6A1N271418,2020
vxl 125cc,azure,MET0002DAZM002181,M449M3241670,Pra 2-03-012Pa2728,1713,M6A1N271417,2020
vxl 125cc,azure,MET0002DAZM002182,M449M3241870,Pra 2-03-012Pa2729,1714,M6A1N271416,2020
sr 150cc,red,MET0003AAZM005549,M911M3091686,Pra 2-03-012Pa2739,1715,M6A1N271415,2020
sr 150cc,red,MET0003AAZM005555,M911M3091879,Pra 2-03-012Pa2740,1716,M6A1N271414,2020
sr 125cc,grey,MET0003BAZM003104,M912M3027853,Pra 2-03-012Pa2730,1424,M6L0N171995,2020
sr 125cc,grey,MET0003BAZM003105,M912M3027911,Pra 2-03-012Pa2731,2171,M6L0N177069,2020
sr 125cc,grey,MET0003BAZM003106,M912M3027692,Pra 2-03-012Pa2732,2849,M6K0M385335,2020
sr 125cc,grey,MET0003BAZM003107,M912M3027897,Pra 2-03-012Pa2733,2879,M6J0M295787,2020
sr 125cc,grey,MET0003BAZM003108,M912M3027850,Pra 2-03-012Pa2734,1473,M6L0N17114,2020
sr 125cc,grey,MET0003BAZM003114,M912M3028043,Pra 2-03-012Pa2735,2820,M6L0N17546,2020
storm 125cc,matt red,MET0001CAZM014201,M912M3028111,Pra 2-03-012Pa2736,2821,M6K0M385351,2020
storm 125cc,matt red,MET0001CAZM014203,M912M3027989,Pra 2-03-012Pa2737,2822,M6K0M385350,2020
storm 125cc,matt black,MET0001CAZM014187,M912M3027993,Pra 2-03-012Pa2738,2823,M6K0M385349,2020
sr 125cc,blue,MET0003BAZM003146,M912M3028038,Pra 2-03-012Pa2681,2824,M6K0M385348,2020
sxl matte 125cc,matte red,MET0002EAZM001570,M449M3241929,Pra 2-03-012Pa2676,2825,M6K0M385347,2020
sr 125cc,blue,MET0003BAZM003148,M912M3028044,Pra 2-03-012Pa2682,2826,M6K0M385346,2020
lx 125cc,red,MET0002AAZM002370,M449M3241582,Pra 2-03-012Pa2671,2827,M6K0M385345,2020
vxl 150cc,red,MET0000HAWH015640,M440M3037186,Lu 45 Pa 3966,2378,M6G9M210095,2020
sxl 150cc,white,MET0002JAYJ001261,M440M3047381,Pra 3 - 02 -012 Pa 7073,2148,M6K0M387382,2020
sxl 125cc,matt red,MET0002EAZM001572,M449M3241897,Pra 2-03-012Pa2678,2149,M6L0N177070,2020
sxl 125cc, matt red,MET0002EAZM001571,M449M3241935,Pra 2-03-012Pa2677,3523,M6H0N904987,2020
lx 125cc,red,MET0002AAZM002363,M449M3242010,Pra 2-03-012Pa2668,3094,M6L0N175367,2020
sr 125cc,blue,MET0003BAZM003154,M912M3027697,Pra 2-03 -012 Pa 2687,3129,M6K0M387426,2020
sr 125cc,blue,MET0003BAZM003152,M912M3027808,Pra 2-03-012 Pa 2685,1911,M6J0M295684,2020
lx 125cc,red,MET0002AAZM002364,M449M3241817,Pra 2-03-012 Pa 2669,2011,H85045778,2020
sr 125cc,blue,MET0003BAZM003149,M912M3027664,Pra 2-03 -012 Pa 2683,3367,M6J0M290206,2020
sr 125cc,blue,MET0003BAZM003150,M912M3027719,Pra 2-03-012 Pa 2684,1861,M6A0M808300,2020
lx 125cc,red,MET0002AAZM002359,M449M32442009,Pra 2-03-012 Pa 2664,8737,M6K0N387299,2020
lx 125cc,red,MET0002AAZM002361,M449M 3241826,Pra 2-03-012 Pa 2666,2694,M6A1N270221,2020
lx 125cc,red,MET0002AAZM002360,M449M3242019,Pra 2-03-012 Pa 2665,2756,123MS890023,2020
sr 125cc,blue,MET0003BA1A003187,M912M3028080,Pra 2-03-012 Pa 8687,1467,M6A1N270304,2020
sr 125cc,blue,MET0003BA1A003184,M912M3028056,Pra 2-03-012 Pa 8685,2496,M6A1N270352,2020
sr 125cc,blue,MET0003BA1A003165,M912M3028061,Pra 2-03-012 Pa 8683,2633,M6A1N271614,2020
sxl 125cc,matt red,MET0002EA1A001645,M449M3242410,Pra 2-03-012 Pa 8680,2634,M6A1N270218,2020
sxl 125cc,matt red,MET0002EA1A001643,M449M3242411,Pra 2-03-012 Pa 8678,2635,M6A1N270217,2020
vxl 125cc,azure,MET0002DA1A002255,M449M3242393,Pra 2-03-012 Pa 8673,2636,M6A1N270216,2020
lx 125cc,azure,MET0002AA1A002582,M449M3242296,Pra 2-03-012 Pa 8668,2637,M6A1N276025,2020
lx 125cc,azure,MET0002AA1A002520,M449M3242040,Pra 2-03-012 Pa 8667,1411,M6A1N270363,2020
lx 125cc,azure,MET0002AA1A002519,M449M3242155,Pra 2-03-012 Pa 8666,3079,M6A1N270343,2020
lx 125cc,azure,MET0002AA1A002517,M449M3242036,Pra 2-03 -012 Pa 8664,1186,M6A1N270360,2020
lx 125cc,azure,MET0002AA1A002506,M449M3242052,Pra 2-03-012 Pa 8661,3319,M6A1N267789,2020
storm 125cc,matt yellow,MET0001CA1A014361,M912M3028190,Pra 2-03-012 Pa 8692,1117,M6A1N270387,2020
lx 125cc,azure,MET0002AA1A002585,M449M3242329,Pra 2-03-012 Pa 8669,2312,M6A1N271363,2020
sxl 125cc,matt red,MET0002EA1A001644,M449M3242409,Pra 2-03 -012 Pa 8679,1718,M6A1N271412,2020
lx 125cc,azure,MET0002AA1A002516,M449M3242045,Pra 2-03-012 Pa 8663,3253,M6A1N270358,2020
sxl 125cc,azure/blue,MET0002EA1A001633,M449M3242270,Bhe 11 3670,3477,M6A1N267793,2020
vxl 125cc,azure/provenza,MET0002DAZM002199,M449M3241936,Bhe 11 Pa 2323,1980,M6J0NO91923,2020
lx 125cc,red dragon,MET0002AA1A002401,M449M3242158,Bhe 11 Pa 3139,1981,M6A8M259500,2020
vxl 125cc,red dragon,MET0002DAZM002175,M449M3241871,Bhe 11 Pa 2319,1982,M6A8M259499,2020
vxl 125cc,red dragon,MET0002DAZM002210,M449M3241977,Bhe 11 Pa 3152,1983,M6A8M259498,2020
elegante 150cc,beige,MET0002HA1A003079,M440M3049705,Pra 2-03-012 Pa 8694,2807,M6A1N270389,2020
sr 125cc,blue,MET0003BAZK002953,M912M3027684,Pra 1 -02-043 Pa 6614,2808,M6AOZ132556,2020
lx 125cc,red,MET0002AAZM002358,M449M3242020,Pra 2-03-012Pa2663,2818,M6L0N174376,2020
sxl 125cc,matt red,MET0002EA1A001646,M449M3242407,Pra 2-03-012 Pa 8681,3524,M6H0N904988,2020
sxl 125cc,orange,MET0002EA1A001625,M449M3242372,Pra 2-03-012 Pa 8674,3525,M6H0N904989,2020
lx 125cc,black,MET0002AA1A002439,M449M3242170,Pra 2-03-012 Pa 8656,2651,M6A1N276011,2020
vxl 125cc,azure/provenza,MET0002DAZM002187,M449M3241915,Bhe 11 Pa 2336,1860,M6A1N270270,2020
vxl 125cc,red dragon,MET0002DAZM002169,M449M3241861,Bhe 11 Pa 2317,3489,M6JOM275864,2020
sxl 125cc,pearl white,MET0002EAZK001451,M449M3241278,Bhe 10 Pa 9982,3490,M6JOM275863,2020
vxl 150cc,yellow,MET0002HAYG001727,M440M3046174,Pra3-02-010Pa 1141,3491,M6JOM275862,2020
lx 125cc,red,MET0002AAZM002362,M449M3242026,Pra 2-03-012 Pa 2667,3492,M6JOM275861,2020
lx 125cc,red,MET0002AAZM002369,M449M3241794,Pra 2-03-012 Pa 2670,3493,M6JOM275860,2020
lx 125cc,red,MET0002AAZM002371,M449M3241782,Pra 2-03 012 Pa 2672,3494,M6JOM275859,2020
storm 125cc,matt-yellow,MET0001CA1A014359,M912M3028314,Pra 2-03-012 Pa 8691,3495,M6JOM275858,2020
sxl 125cc,matt red,MET0002EA1A001640,M449M3242259,Pra 2-03-012 Pa 8675,3496,M6JOM275857,2020
sxl 125cc,orange,MET0002EA1A001630,M449M3242276,Bhe 11 3674,3497,M6JOM275856,2020
sxl 125cc,orange,MET0002EA1A001629,M449M3242391,Bhe 11 3673,1664,H8654277,2020
vxl 125cc,azure/provenza,MET0002DAZM002201,M449M3241667,Bhe 11 Pa 2325,3506,M6JOM275855,2020
lx 125cc,red dragon,MET0002AA1A002410,M449M3242223,Bhe 11 Pa 3143,1965,H85548778,2020
storm 125cc,matt yellow,MET0001CA1A014362,M912M3028180,Pra 2-03-012 Pa 8693,3526,H58871,2020
sr 125cc,yellow,MET0003BAYB001017,M912M3040093,Pra 2-03-004 Pa 8851,3527,M6H0N904990,2020
lx 125cc,black,MET0002AA1A002440,M449M3242165,Pra 2-03-012 Pa 8657,3528,M6H0N904991,2020
sxl 125cc,azure/blue,MET0002EA1A001636,M449M3242265,Bhe 11 3672,3529,M6H0N904992,2020
lx 125cc,azuro/provenza,MET0002AA1A002481,M449M3242339,Bhe 11 Pa 3110,3530,M6H0N904993,2020
lx 125cc,azuro/provenza,MET0002AA1A002484,M449M3242061,Bhe 11 Pa 3112,3531,M6H0N904994,2020
lx 125cc,azuro/provenza,MET0002AA1A002473,M449M3242011,Bhe 11 Pa 3102,3532,M6H0N904995,2020
vxl 125cc,azuro/provenza,MET0002DA1A002256,M449M3242367,Bhe 11 3669,3533,M6H0N904996,2020
sxl 125cc,azure blue,MET0002EA1A001634,M449M3242255,Bhe 11 Pa 3671,3534,M6H0N904997,2020
sxl 125cc,matt red,MET0002EAZM001579,M449M3241650,Bhe 11 Pa 2299,3535,M6H0N904998,2020
sxl 125cc,matt red,MET0002EAZM001574,M449M3241900,Bhe 11 Pa 2297,3536,M6H0N904999,2020
storm 125cc,matt black,MET0001CA1A014382,M912M3028301,Bhe 11 3691,3537,M6H0N905000,2020
sr 150cc,matt black,MET0003AA1B006034,M911M3092472,Pra 2-03-014Pa 1407,3538,M6H0N905001,2020
sr 125cc,grey,MET0003BA1B003476,M912M3028710,Pra 2-03-014 Pa 1450,3539,M6H0N905002,2020
sr 150cc,green,MET0003AA1B006076,M911M3092444,Pra 2-03-014 Pa 1415,3540,M6H0N905003,2020
sr 150cc race,white/black ,MET0003AA1B006157,M911M3092869,Pra 2-03-014 Pa 1424,3541,M6H0N905004,2020
lx 125cc,azuro provenza,MET0002AA1A002480,M449M3242341,Bhe 11 Pa 3109,3542,M6H0N905005,2020
vxl 125cc,azuro/provenza,MET0002DAZM002243,M449M3242107,Bhe 11 Pa 3159,3543,M6H0N905006,2020
storm 125cc,matt red,MET0001CA1B014566,M912M3028582,Pra 2-03-014 Pa 1441,3544,M6H0N905007,2020
sr 125cc,glossy blue,MET0003BA1B003452,M912M3027735,Pra 2-03-014 Pa 1454,3545,M6H0N905008,2020
sr 125cc,glossy blue,MET0003BA1B003507,M912M3028280,Pra 2-03-014 Pa 1456,3546,M6H0N905009,2020
sr 150cc,red,MET0003AA1B006000,M911M3092153,Pra 2-03-014 Pa 1482,3547,M6H0N905010,2020
sxl matte 125cc,yellow,MET0000EAWL024131,M449M3205608,Pra3-02-004 Pa 4415,3548,M6H0N905011,2020
sr 125cc,yellow,MET0000EAWJ022766,M449M3195557,Pra3-02-004 Pa 4427,3549,M6H0N905012,2020
lx 125cc,azure/provenza,MET0002AA1A002478,M449M3242059,Bhe 11 Pa 3107,3550,M6H0N905013,2020
lx 125cc,azuro/provenza,MET0002AA1A002464,M449M3242081,Bhe 11 Pa 3100,3551,M6H0N905014,2020
lx 125cc,azuro/provenza,MET0002AA1A002490,M449M3242353,Bhe 11 Pa 3117,3552,M6H0N905015,2020
lx 125cc,azuro/provenza,MET0002AA1A002487,M449M3242358,Bhe 11 Pa 3114,3553,M6H0N905016,2020
vxl 125cc,azuro/provenza,MET0002DAZM002241,M449M3242101,Bhe 11 Pa 3158,3554,M6H0N905017,2020
vxl 125cc,azuro/provenza,MET0002DAZM002190,M449M3241918,Bhe 11 Pa 2322,3555,M6H0N905018,2020
vxl 125cc,red dragon,MET0002DAZM002214,M449M3242006,Bhe 11 Pa 3154,3556,M6H0N905019,2020
vxl 125cc,red dragon,MET0002DAZM002217,M449M3241885,Bhe 11 Pa 3157,3557,M6H0N905020,2020
vxl 125cc,red dragon,MET0002DAZM002216,M449M3242003,Bhe 11 Pa 3156,1677,M6A1N271453,2020
storm 125cc,matt black,MET0001CA1A014380,M912M3028197,Bhe 11 3690,1678,M6A1N271452,2021
storm 125cc,matt black,MET0001CA1A014384,M912M3028302,Bhe 11 3692,1679,M6A1N271451,2021
sr 150cc,matt black,MET0001CA1A014373,M912M3028300,Bhe 11 3688,1680,M6A1N271450,2021
storm 125cc,matt black,MET0001CA1A014374,M912M3028165,Bhe 11 3689,1681,M6A1N271449,2021
sr 150cc race,black/white,MET0003AA1A005585,M911M3090207,Bhe 11 Pa 3135,1682,M6A1N271448,2021
storm 125cc,matt red,MET0001CA1B014506,M912M3028552,Pra 2-03-014 Pa 1457,1683,M6A1N271447,2021
storm 125cc,matt red,MET0001CA1B014548,M912M3028626,Pra 2-03-014 Pa 1438,1684,M6A1N271446,2021
storm 125cc,matt red,MET0001CA1B014554,M912M3028639,Pra 2-03-014 Pa 1439,1685,M6A1N271445,2021
storm 125cc,matt red,MET0001CA1B014565,M912M3028544,Pra 2-03-014Pa1440,1686,M6A1N271444,2021
sr 150cc,blue,MET0003AA1B006080,M911M3092480,Pra 2-03-014 Pa 1420,1687,M6A1N271443,2021
sr 125cc,white,MET0001CA1B014480,M912M3028567,Pra 2-03-014 Pa 1459,1688,M6A1N271442,2021
sr 125cc,white,MET0001CA1B014483,M912M3028560,Pra 2-03-014 Pa 1465,1689,M6A1N271441,2021
sr 125cc,grey,MET0003BA1B003481,M912M3028713,Pra 2-03-014 Pa 1451,1690,M6A1N271440,2021
sr 125cc,glossy blue,MET0003BA1B003380,M912M3028440,Pra 2-03-014 Pa 1452,1691,M6A1N271439,2021
sr 125cc,glossy blue,MET0003BA1B003430,M912M3028338,Pra 2-03-014 Pa 1453,1692,M6A1N271438,2021
sr 125cc,glossy blue,MET0003BA1B003499,M912M3028722,Pra 2-03-014 Pa 1455,1693,M6A1N271437,2021
sr 150cc,red,MET0003AA1B006112,M911M3092751,Pra 2-03-014 Pa 1418,1694,M6A1N271436,2021
sr 150cc race,white/black ,MET0003AA1B006176,M911M3092837,Pra 2-03-014 Pa 1430,1695,M6A1N271435,2021
vxl 125cc,white,MET0003AA1B006049,M911M3091662,Pra 2-03-014 Pa 1410,1696,M6A1N271434,2021
sr 125cc,white,MET0003AA1B006051,M911M3092224,Pra 2-03-014 Pa 1412,1697,M6A1N271433,2021
storm 125cc,white,MET0001CA1B014478,M912M3028551,Pra 2-03-014 Pa 1458,1698,M6A1N271432,2021
sxl 150cc,matt red,MET0002JA1B001417,M440M3049187,Pra 2-03-014 Pa 1480,1699,M6A1N271431,2021
sr 125cc,matt yellow,MET0003BA1B003534,M912M3028746,Pra 2-03-014 Pa 1436,1700,M6A1N271430,2021
sr 150cc,black,MET0003AA1B006329,M911M3092652,Bag Pra 3-02-024 Pa 2431,1701,M6A1N271429,2021
sr 125cc,black,MET0003AA1B006037,M911M3092470,Bag Pra 3-02-024 Pa 2450,1702,M6A1N271428,2021
sr 150cc,black,MET0003AA1B006316,M911M3092780,Bag Pra 3-02-024 Pa 2420 ,1703,M6A1N271427,2021
storm 125cc,red,MET0003AA1B006406,M911M3092950,Bag Pra 3-02-024 Pa 5960,1704,M6A1N271426,2021
sr 150cc,red,MET0003AA1B006414,M911M3092925,Bag Pra 3-02-024 Pa 5968,1705,M6A1N271425,2021
sr 125cc,grey,MET0003BA1B003552,M912M3028941,Bag Pra 3-02-024 Pa 5875,1706,M6A1N271424,2021
sr 125cc,grey,MET0003BA1B003546,M912M3028924,Bag Pra 3-02-024 Pa 5871,1707,M6A1N271423,2021
storm 125cc,matt red,MET0002EA1B001711,M449M3242535,Bag Pra 3-02-024 Pa 0020,1708,M6A1N271422,2021
vxl 125cc,matt red,MET0002EA1B001709,M449M3242727,Bag Pra 3-02-024 Pa 19,1709,M6A1N271421,2021
lx 125cc,yellow,MET0002AA1B002617,M449M3242678,Bag Pra 3-02-24 Pa 9986,1710,M6A1N271420,2021
storm 125cc,matt black,MET0001CA1B014487,M912M3028568,Pra 2-03-014 Pa 1464,3558,M6H0N905021,2021
sr 150cc race,black,MET0002AA1A002441,M449M3242174,Pra 2-03-012Pa8658,3559,M6H0N905022,2021
sxl 125cc,black,MET0002EA1B001680,M449M3242488,Pra 2-03-014 Pa 1445,3560,M6H0N905023,2021
sr 150cc race,black/white,MET0003AA1B006224,M911M3092805,Bagmati Pra 3-02-024 Pa 6960,3561,M6H0N905024,2021
sr 150cc race,black/white,MET0003AA1B006185,M911M3092808,Bagmati Pra 3-02-024 Pa 6940,3562,M6H0N905025,2021
sr 150cc,white,MET0003AA1B006050,M911M3092227,Pra 2-03-014Pa1411,3563,M6H0N905026,2021
sr 150cc,white,MET0003AA1B006042,M911M3092507,Pra 2-03-014Pa1408,1717,M6A1N271413,2021
storm 125cc,matt black,MET0001CA1B014491,M912M3028541,Pra 2-03-014Pa1466,3564,M6H0N905027,2021
sr 150cc,blue,MET0003AA1B006084,M911M3092485,Pra 2-03-014Pa1422,1719,M6K0N113175,2021
lx 125cc,black,MET0002AA1A002443,M449M3242169,Pra 2-03-012Pa8660,1720,M6K0N113174,2021
sr 125cc,matt yellow,MET0003BA1B003535,M912M3028748,Pra 2-03-014Pa1437,1721,M6K0N113173,2021
sr 125cc,matt yellow,MET0003BA1B003531,M912M3028747,Pra 2-03-014 Pa 1433,1722,M6K0N113172,2021
storm 125cc,white,MET0001CA1B014523,M912M3028606,Pra 2-03-015Pa3520,1723,M6K0N113171,2021
sr 125cc,blue,MET0003BA1B003524,M912M3028742,Pra 2-03-015Pa3519,1724,M6K0N113170,2021
sr 125cc,blue,MET0003BA1B003518,M912M3028719,Pra 2-03-015Pa3518,1725,M6K0N113169,2021
storm 125cc,yellow,MET0001CA1B014516,M912M3028623,Pra 2-03-015Pa3515,1726,M6K0N113168,2021
storm 125cc,black,MET0001CA1B014543,M912M3028591,Pra 2-03-015Pa3514,1727,M6K0N113167,2021
storm 125cc,matt black,MET0001CA1B014540,M912M3028632,Pra 2-03-015Pa3512,1728,M6K0N113166,2021
storm 125cc,white,MET0001CA1B014529,M912M3028640,Pra 2-03-015Pa3511,1729,M6K0N113165,2021
sr 125cc,blue,MET0003BA1B003523,M912M3028243,Pra 2-03-015Pa3510,1730,M6K0N113164,2021
sr 125cc,blue,MET0003BA1B003522,M912M3028753,Pra 2-03-015Pa3509,1731,M6K0N113163,2021
sr 125cc,blue,MET0003BA1B003519,M912M3028725,Pra 2-03-015Pa3506,1732,M6K0N113162,2021
sr 125cc,blue,MET0003BA1B003516,M912M3028475,Pra 2-03-015Pa3505,1733,M6K0N113161,2021
sr 150cc race,black/white,MET0003AA1B006199,M911M3092847,Pra 2-03-015Pa3522,1734,M6K0N113160,2021
sr 150cc race,black/white,MET0003AA1B006189,M911M3092803,Pra 2-03-015Pa3521,1735,M6K0N113159,2021
vxl 125cc,red,MET0002DA1B002379,M449M3242770,Pra 2-03-015Pa3502,1736,M6K0N113158,2021
vxl 125cc,red,MET0002DA1B002378,M449M3242784,Pra 2-03-015Pa3501,1737,M6K0N113157,2021
lx 125cc,azure provenza,MET0002AA1B002764,M449M3242544,Pra 2-03-015Pa3497,1738,M6K0N113156,2021
lx 125cc,azure provenza,MET0002AA1B002753,M449M3242702,Pra 2-03-015Pa3493,1739,M6K0N113155,2021
lx 125cc,matt black,MET0002AA1B002766,M449M3242633,Bhe 11 Pa 4813,1740,M6K0N113154,2021
sxl 125cc,matt red,MET0002EA1B001725,M449M3242138,Bhe 11 Pa 4823,1741,M6K0N113153,2021
lx 125cc,azure provenza,MET0002AA1B002665,M449M3242586,Bhe 11 Pa 4798,1742,M6K0N113152,2021
lx 125cc,azure provenza,MET0002AA1B002719,M449M3242569,Bhe 11 Pa 4799,1743,M6K0N113151,2021
lx 125cc,azure provenza,MET0002AA1B002756,M449M3242701,Bhe 11 Pa 4807,1744,M6K0N113150,2021
lx 125cc,azure provenza,MET0002AA1B002720,M449M3242673,Bhe 11 Pa 4800,1745,M6K0N113149,2021
lx 125cc,azure provenza,MET0002AA1B002751,M449M3242704,Bhe 11 Pa 4804,1746,M6K0N113148,2021
lx 125cc,azure provenza,MET0002AA1B002760,M449M3242660,Bhe 11 Pa 4810,1747,M6K0N113147,2021
sr 125cc,blue,MET0003BA1B003448,M912M3028329,Bhe 11 Pa 4781,1748,M6K0N113146,2021
sr 125cc,grey,MET0003BA1B003485,M912M3028716,Bhe 11 Pa 5210,1749,M6K0N113145,2021
sr 125cc,grey,MET0003BA1B003358,M912M3028464,Bhe 11 Pa 4834,1750,M6K0N113144,2021
sr 125cc,grey,MET0003BA1B003405,M912M3028355,Bhe 11 Pa 5191,1751,M6K0N113143,2021
storm 125cc,matt red,MET0001CA1B014500,M912M3028566,Bhe 11 Pa 4791,1752,M6K0N113142,2021
sr 150cc,red,MET0003AA1B006123,M911M3092560,Bhe 11 Pa 5199,1753,M6K0N113141,2021
storm 125cc,matt red,MET0001CA1B014511,M912M3028548,Bhe 11 Pa 4794,1754,M6K0N113140,2021
lx 125cc,red dragon,MET0002AA1B002746,M449M3242708,Bhe 11 Pa 5204,1755,M6K0N113139,2021
sxl 125cc,matt black,MET0002EA1A001620,M449M3242382,Bhe 11 Pa 3676,1756,M6K0N113138,2021
sr 150cc,red,MET0003AA1B006121,M911M3092553,Bhe 11 Pa 5197,1757,M6K0N113137,2021
sr 150cc,white,MET0003AA1B006047,M911M3092509,Pra 2-03-014 Pa 1409,1758,M6K0N113136,2021
lx 125cc,red,MET0002AA1B002737,M449M3242718,Pra 2-03-015Pa3486,1759,M6K0N113135,2021
sxl 125cc,matt red,MET0002EA1C001739,M449M3242966,Bag Pra 3-02-025 Pa 4690,1760,M6K0N113134,2021
sxl 125cc,matt red,MET0002EA1C001746,M449M3242972,Bag Pra 3-02-025 Pa 4697,1761,M6K0N113133,2021
lx 125cc,red,MET0002AA1B002736,M449M3242715,Pra 2-03-015Pa3485,1762,M6K0N113132,2021
sr 125cc,grey,MET0003BA1C003727,M912M3029399,Bag Pra 3-02-025 Pa 4600,1763,M6K0N113131,2021
sr 125cc,grey,MET0003BA1C003741,M912M3029341,Bag Pra 3-02-025 Pa 4613,1764,M6K0N113130,2021
sr 125cc,grey,MET0003BA1C003738,M912M3029335,Bag Pra 3-02-025 Pa 4610,1765,M6K0N113129,2021
sr 125cc,grey,MET0003BA1C003720,M912M3029395,Bag Pra 3-02-025 Pa 4593,1766,M6K0N113128,2021
sr 125cc,grey,MET0003BA1C003705,M912M3029383,Bag Pra 3-02-025 Pa 4580,1767,M6K0N113127,2021
sr 150cc,matt red,MET0002JA1B001416,M440M3049192,Pra 2-03-014 Pa 1479,1768,M6K0N113126,2021
sr 150cc,black,MET0003AA1C006656,M911M3093049,Bag Pra 3-02-025 Pa 6614,1769,M6K0N113125,2021
sr 150cc,black,MET0003AA1C006693,M911M3092766,Bag Pra 3-02-025 Pa 6630,1770,M6K0N113124,2021
sr 150cc,red,MET0003AA1B005888,M911M3092342,Bag Pra -02-023 Pa 7050,1771,M6K0N113123,2021
sr 150cc,red,MET0003AA1B005902,M911M3092380,Bag Pra -02-023 Pa 7063,1772,M6K0N113122,2021
storm 125cc,red,MET0001CA1B014659,M912M3028831,Bag Pra 3-02-024 Pa 4424,1773,M6K0N113121,2021
storm 125cc,red,MET0001CA1B014641,M912M3028688,Bag Pra 3-02-024 Pa 4419,1774,M6K0N113120,2021
sxl 125cc,blue,MET0002EA1C001759,M449M3242951,Bag Pra 3-02-025 Pa 7169,1775,M6K0N113119,2021
sr 150cc,black,MET0003AAZK004828,M911M3090436,Bag Pra 3-02-019 Pa 8018,1776,M6K0N113118,2021
vxl 125cc,azure,MET0002DA1C002466,M449M3242778,Bag Pra 3-02-025 Pa 4678,1777,M6K0N113117,2021
lx 125cc,azure,MET0002AA1C002827,M449M3242676,Bag Pra 3-02-025 Pa 6592,1778,M6K0N113116,2021
lx 125cc,red,MET0002AA1C002865,M449M3242904,Bagmati Pra 3-02-025 Pa 9916,1779,M6K0N113115,2021
lx 125cc,red,MET0002AA1C002776,M449M3241484,Bagmati Pra 3-02-025 Pa 9906,1780,M6K0N113114,2021
lx 125cc,red,MET0002AA1C002858,M449M3242835,Bagmati Pra 3-02-025 Pa 9910,1781,M6K0N113113,2021
lx 125cc,red,MET0002AA1C002885,M449M3242903,Bagmati Pra 3-02-025 Pa 9933,1782,M6K0N113112,2021
lx 125cc,red,MET0002AA1C002864,M449M3242885,Bagmati Pra 3-02-025 Pa 9915,1783,M6K0N113111,2021
lx 125cc,red,MET0002AA1C002857,M449M3242880,Bagmati Pra 3-02-025 Pa 9909,1784,M6K0N113110,2021
lx 125cc,azure,MET0002AA1C002820,M449M3242863,Bagmati Pra 3-02-025 Pa 6586,1785,M6K0N113109,2021
lx 125cc,azure,MET0002AA1C002806,M449M3242857,Bag Pra 3-02-025 Pa 6575,1786,M6K0N113108,2021
lx 125cc,azure,MET0002AA1C002841,M449M3242303,Bagmati Pra 3-02-025 Pa 6606,1787,M6K0N113107,2021
lx 125cc,azure,MET0002AA1C002835,M449M3242648,Bagmati Pra 3-02-025 Pa 6600,1788,M6K0N113106,2021
lx 125cc,azure,MET0002AA1C002833,M449M3242712,Bag Pra 3-02-025 Pa 6598,1789,M6K0N113105,2021
vxl 125cc,red,MET0002DA1C002406,M449M3241812,Bagmati Pra 3-02-025 Pa 9935,1790,M6K0N113104,2021
storm 125cc,red,MET0001CA1B014676,M912M3028842,Bagmati Pra 3-02-024 Pa 4432,1791,M6K0N113103,2021
storm 125cc,red,MET0001CA1B014703,M912M3028829,Bagmati Pra 3-02-024 Pa 4455,1792,M6K0N113102,2021
sr 125cc,grey,MET0003BA1C003667,M912M3029404,Bagmati Pra 3-02-025 Pa 6655,3565,M6H0N905028,2021
sr 125cc,grey,MET0003BA1C003754,M912M3029319,Bagmati Pra 3-02-025 Pa 6667,3566,M6H0N905029,2021
sr 125cc,grey,MET0003BA1C003744,M912M3028756,Bagmati Pra 3-02-025 Pa 6660,1795,M6A1N270316,2021
sr 125cc,grey,MET0003BA1C003746,M912M3029439,Bagmati Pra 3-02-025 Pa 6662,1796,M6A1N270315,2021
sr 125cc,grey,MET0003BA1C003745,M912M3029327,Bagmati Pra 3-02-025 Pa 6661,1797,M6A1N270314,2021
sr 150cc,white,MET0003AA1B006054,M911M3092268,Bagmati Pra 3-02-024 Pa 2496,1798,M6A1N270313,2021
sxl 125cc,black,MET0002EA1B001681,M449M3242432, ,1799,M6A1N270312,2021
sxl 125cc,blue,MET0002EA1A001672,M449M 3242273,Bagmati Pra -02-023 Pa 5902,1800,M6A1N270311,2021
lx 125cc,azure,MET0002AA1B002765,M449M3242626,Pra 2-03-01 Pa 3498,1801,M6A1N270310,2021
sr 150cc,red,MET0003AA1C006859,M911M3093467,Bhe 11 Pa 6247,1802,M6A1N270309,2021
sr 150cc,black,MET0003AA1C006682,M911M3093051,Bhe 11 Pa 6076,1803,M6A1N270308,2021
sr 150cc,black,MET0003AA1C006679,M911M3093098,Bhe 11 Pa 6073,1804,M6A1N270307,2021
lx 125cc,white,MET0002AA1C002895,M449M3242900,Bhe 11 Pa 6059,1805,M6A1N270306,2021
storm 125cc,matt red,MET0001CA1C015027,M912M3029655,Bhe 11 Pa 6262,1806,M6A1N270305,2021
vxl 125cc,azure provenza,MET0002DA1C002456,M449M3242763,Bhe 11 Pa 6067,1807,M1234680567,2021
lx 125cc,azure provenza,MET0002AA1C002800,M449M3242851,Bhe 11 Pa 5798,1808,M6A1N270303,2021
lx 125cc,azure provenza,MET0002AA1C002790,M449M3242649,Bhe 11 Pa 5804,1809,M6A1N270302,2021
vxl 150cc,azure provenza,MET0002HA1A003070,M440M3049818,Bhe 11 3684,1810,M6A1N270301,2021
storm 125cc,matt red,MET0001CA1C015022,M912M3029640,Bhe 11 Pa 6257,1811,M6A1N270300,2021
storm 125cc,red,MET0001CA1B014677,M912M3028841,Bagmati Pra 3-02-024 Pa 2985,1812,M6A1N270299,2021
storm 125cc,red,MET0001CA1B014643,M912M3028692,Bagmati Pra 3-02-024 Pa 3031,1813,M6A1N270298,2021
sr 125cc,grey,MET0003BA1C003725,M912M3028990,Bagmati Pra 3-02-025 Pa 4598,1814,M6A1N270297,2021
sr 125cc,grey,MET0003BA1C003704,M912M3029379,Bagmati Pra 3-02-025 Pa 4579,1815,M6A1N270296,2021
sr 125cc,grey,MET0003BA1C003737,M912M3028446,Bagmati Pra 3-02-025 Pa 8368,1816,M6A1N270295,2021
sr 150cc,black,MET0003AA1C006788,M911M3093455,Bagmati Pra 3-02-025 Pa 7373,1817,M6A1N270294,2021
sr 150cc,red,MET0003AA1B006456,M911M3092922,Bagmati Pra 3-02-024 Pa 4565,1818,M6A1N270293,2021
lx 125cc,red,MET0002AA1C002862,M449M3242896,Bagmati Pra 3-02-025 Pa 9913,1819,M6A1N270292,2021
vxl 125cc,red,MET0002DA1C002408,M449M3242383,Bagmati Pra 3-02-025 Pa 9937,1820,M6A1N270291,2021
vxl 125cc,red,MET0002DA1C002417,M449M3242945,Bagmati Pra 3-02-025 Pa 9944,1821,M6A1N270290,2021
lx 125cc,azure,MET0002AA1D003084,M449M3243686,Bag Pra 3-02-026 Pa 5839,1822,M6A1N270289,2021
lx 125cc,azure,MET0002AA1D003069,M449M3243510,Bag Pra 3-02-026 Pa 6828,1823,M6A1N270288,2021
lx 125cc,azure,MET0002AA1D003091,M449M3243679,Bag Pra 3-02-026 Pa 5846,1824,M6A1N270287,2021
lx 125cc,azure,MET0002AA1D003088,M449M3243674,Bag Pra 3-03-026 Pa 5843,1825,M6A1N270286,2021
lx 125cc,azure,MET0002AA1D003078,M449M3243576,Bag Pra 3-02-026 Pa 5833,1826,M6A1N270285,2021
vxl 125cc,azure,MET0002DA1D002550,M449M3243372,Bag Pra 3-02-026 Pa 6158,1827,M6A1N270284,2021
vxl 125cc,azure,MET0002DA1D002570,M449M3243338,Bag Pra 3-02-026 Pa 6176,1828,M6A1N270283,2021
vxl 125cc,azure,MET0002DA1D002560,M449M3243341,Bag Pra 3-02-026 Pa 6168,1829,M6A1N270282,2021
sxl 125cc,azure,MET0002EA1D001784,M449M3242992,Bag Pra 3-02-026 Pa 6121,1830,M6A1N270281,2021
sxl 125cc,matt red,MET0002EA1D001807,M449M3242998,Bag Pra 3-02-026 Pa 6747,1831,M6A1N270280,2021
sxl 125cc,blue,MET0002EA1D001847,M449M3243354,Bag Pra 3-02-026 Pa 6829,1832,M6A1N270279,2021
vxl 125cc,azure,MET0002HA1D003139,M440M3050099,Bag Pra 3-02-026 Pa 6729,1833,M6A1N270278,2021
sxl 125cc,orange,MET0002EA1D001855,M449M3243656,Bag Pra 3-02-026 Pa 9754,1834,M6A1N270277,2021
lx 125cc,azure,MET0002AA1D003080,M449M3243581,Bag Pra 3-02-026 Pa 5835,1835,M6A1N270276,2021
sr 125cc,grey,MET0003BA1C003739,M912M3028489,Bagmati Pra 3-02-025 Pa 4611,1836,M6A1N270275,2021
sr 150cc,blue,MET0003AA1B006079,M911M3092481,Pra 2-03-014 Pa 1419,1837,M6A1N270274,2021
sr 125cc,blue,MET0003BA1C003839,M912M3029153,Bagmati Pra 3-02-025 Pa 4643,1838,M6A1N270273,2021
sr 125cc,silver,MET0003AA1D003961,M912M3029787,Bagmati Pra 3-02-026 Pa 6013,1839,M6A1N270272,2021
vxl 125cc,azure,MET0002DA1D002576,M449M3243665,Bagmati Pra 3-02-026 Pa 9741,1840,M6A1N270271,2021
